nonlatin_european.png	8	8	161	0	0
nonlatin_european.png	8	8	8240	8	0
nonlatin_european.png	8	8	173	16	0
nonlatin_european.png	8	8	183	24	0
nonlatin_european.png	8	8	8372	32	0
nonlatin_european.png	8	8	8800	40	0
nonlatin_european.png	8	8	191	48	0
nonlatin_european.png	8	8	215	56	0
nonlatin_european.png	8	8	216	64	0
nonlatin_european.png	8	8	222	72	0
nonlatin_european.png	8	8	1211	80	0
nonlatin_european.png	8	8	240	88	0
nonlatin_european.png	8	8	248	96	0
nonlatin_european.png	8	8	254	104	0
nonlatin_european.png	8	8	913	112	0
nonlatin_european.png	8	8	914	120	0
nonlatin_european.png	8	8	915	0	8
nonlatin_european.png	8	8	916	8	8
nonlatin_european.png	8	8	917	16	8
nonlatin_european.png	8	8	918	24	8
nonlatin_european.png	8	8	919	32	8
nonlatin_european.png	8	8	920	40	8
nonlatin_european.png	8	8	921	48	8
nonlatin_european.png	8	8	922	56	8
nonlatin_european.png	8	8	923	64	8
nonlatin_european.png	8	8	924	72	8
nonlatin_european.png	8	8	925	80	8
nonlatin_european.png	8	8	926	88	8
nonlatin_european.png	8	8	927	96	8
nonlatin_european.png	8	8	928	104	8
nonlatin_european.png	8	8	929	112	8
nonlatin_european.png	8	8	931	120	8
nonlatin_european.png	8	8	932	0	16
nonlatin_european.png	8	8	933	8	16
nonlatin_european.png	8	8	934	16	16
nonlatin_european.png	8	8	935	24	16
nonlatin_european.png	8	8	936	32	16
nonlatin_european.png	8	8	937	40	16
nonlatin_european.png	8	8	945	48	16
nonlatin_european.png	8	8	946	56	16
nonlatin_european.png	8	8	947	64	16
nonlatin_european.png	8	8	948	72	16
nonlatin_european.png	8	8	949	80	16
nonlatin_european.png	8	8	950	88	16
nonlatin_european.png	8	8	951	96	16
nonlatin_european.png	8	8	952	104	16
nonlatin_european.png	8	8	953	112	16
nonlatin_european.png	8	8	954	120	16
nonlatin_european.png	8	8	955	0	24
nonlatin_european.png	8	8	956	8	24
nonlatin_european.png	8	8	957	16	24
nonlatin_european.png	8	8	958	24	24
nonlatin_european.png	8	8	959	32	24
nonlatin_european.png	8	8	960	40	24
nonlatin_european.png	8	8	961	48	24
nonlatin_european.png	8	8	962	56	24
nonlatin_european.png	8	8	963	64	24
nonlatin_european.png	8	8	964	72	24
nonlatin_european.png	8	8	965	80	24
nonlatin_european.png	8	8	966	88	24
nonlatin_european.png	8	8	967	96	24
nonlatin_european.png	8	8	968	104	24
nonlatin_european.png	8	8	969	112	24
nonlatin_european.png	8	8	1026	120	24
nonlatin_european.png	8	8	1029	0	32
nonlatin_european.png	8	8	1030	8	32
nonlatin_european.png	8	8	1032	16	32
nonlatin_european.png	8	8	1033	24	32
nonlatin_european.png	8	8	1034	32	32
nonlatin_european.png	8	8	1035	40	32
nonlatin_european.png	8	8	1040	48	32
nonlatin_european.png	8	8	1041	56	32
nonlatin_european.png	8	8	1042	64	32
nonlatin_european.png	8	8	1043	72	32
nonlatin_european.png	8	8	1044	80	32
nonlatin_european.png	8	8	1045	88	32
nonlatin_european.png	8	8	1046	96	32
nonlatin_european.png	8	8	1047	104	32
nonlatin_european.png	8	8	1048	112	32
nonlatin_european.png	8	8	1050	120	32
nonlatin_european.png	8	8	1051	0	40
nonlatin_european.png	8	8	1052	8	40
nonlatin_european.png	8	8	1053	16	40
nonlatin_european.png	8	8	1054	24	40
nonlatin_european.png	8	8	1055	32	40
nonlatin_european.png	8	8	1056	40	40
nonlatin_european.png	8	8	1057	48	40
nonlatin_european.png	8	8	1058	56	40
nonlatin_european.png	8	8	1059	64	40
nonlatin_european.png	8	8	1060	72	40
nonlatin_european.png	8	8	1061	80	40
nonlatin_european.png	8	8	1062	88	40
nonlatin_european.png	8	8	1063	96	40
nonlatin_european.png	8	8	1064	104	40
nonlatin_european.png	8	8	1065	112	40
nonlatin_european.png	8	8	1066	120	40
nonlatin_european.png	8	8	1067	0	48
nonlatin_european.png	8	8	1068	8	48
nonlatin_european.png	8	8	1069	16	48
nonlatin_european.png	8	8	1070	24	48
nonlatin_european.png	8	8	1071	32	48
nonlatin_european.png	8	8	1072	40	48
nonlatin_european.png	8	8	1073	48	48
nonlatin_european.png	8	8	1074	56	48
nonlatin_european.png	8	8	1075	64	48
nonlatin_european.png	8	8	1076	72	48
nonlatin_european.png	8	8	1077	80	48
nonlatin_european.png	8	8	1078	88	48
nonlatin_european.png	8	8	1079	96	48
nonlatin_european.png	8	8	1080	104	48
nonlatin_european.png	8	8	1082	112	48
nonlatin_european.png	8	8	1083	120	48
nonlatin_european.png	8	8	1084	0	56
nonlatin_european.png	8	8	1085	8	56
nonlatin_european.png	8	8	1086	16	56
nonlatin_european.png	8	8	1087	24	56
nonlatin_european.png	8	8	1088	32	56
nonlatin_european.png	8	8	1089	40	56
nonlatin_european.png	8	8	1090	48	56
nonlatin_european.png	8	8	1091	56	56
nonlatin_european.png	8	8	1092	64	56
nonlatin_european.png	8	8	1093	72	56
nonlatin_european.png	8	8	1094	80	56
nonlatin_european.png	8	8	1095	88	56
nonlatin_european.png	8	8	1096	96	56
nonlatin_european.png	8	8	1097	104	56
nonlatin_european.png	8	8	1098	112	56
nonlatin_european.png	8	8	1099	120	56
nonlatin_european.png	8	8	1100	0	64
nonlatin_european.png	8	8	1101	8	64
nonlatin_european.png	8	8	1102	16	64
nonlatin_european.png	8	8	1103	24	64
nonlatin_european.png	8	8	1108	32	64
nonlatin_european.png	8	8	1109	40	64
nonlatin_european.png	8	8	1110	48	64
nonlatin_european.png	8	8	1112	56	64
nonlatin_european.png	8	8	1113	64	64
nonlatin_european.png	8	8	1114	72	64
nonlatin_european.png	8	8	8211	80	64
nonlatin_european.png	8	8	8212	88	64
nonlatin_european.png	8	8	8216	96	64
nonlatin_european.png	8	8	8217	104	64
nonlatin_european.png	8	8	8220	112	64
nonlatin_european.png	8	8	8221	120	64
nonlatin_european.png	8	8	8222	0	72
nonlatin_european.png	8	8	8230	8	72
nonlatin_european.png	8	8	8266	16	72
nonlatin_european.png	8	8	8592	24	72
nonlatin_european.png	8	8	8593	32	72
nonlatin_european.png	8	8	8594	40	72
nonlatin_european.png	8	8	8595	48	72
nonlatin_european.png	8	8	8644	56	72
nonlatin_european.png	8	8	65291	64	72
nonlatin_european.png	8	8	399	72	72
nonlatin_european.png	8	8	601	80	72
nonlatin_european.png	8	8	603	88	72
nonlatin_european.png	8	8	618	96	72
nonlatin_european.png	8	8	1198	104	72
nonlatin_european.png	8	8	1199	112	72
nonlatin_european.png	8	8	1256	120	72
nonlatin_european.png	8	8	1257	0	80
nonlatin_european.png	8	8	699	8	80
nonlatin_european.png	8	8	716	16	80
nonlatin_european.png	8	8	894	24	80
nonlatin_european.png	8	8	312	32	80
nonlatin_european.png	8	8	7838	40	80
nonlatin_european.png	8	8	223	48	80
nonlatin_european.png	8	8	8381	56	80
nonlatin_european.png	8	8	8364	64	80
nonlatin_european.png	8	8	1122	72	80
nonlatin_european.png	8	8	1123	80	80
nonlatin_european.png	8	8	1140	88	80
nonlatin_european.png	8	8	1141	96	80
nonlatin_european.png	8	8	1216	104	80
nonlatin_european.png	8	8	1138	112	80
nonlatin_european.png	8	8	1139	120	80
nonlatin_european.png	8	8	8304	0	88
nonlatin_european.png	8	8	185	8	88
nonlatin_european.png	8	8	179	16	88
nonlatin_european.png	8	8	8308	24	88
nonlatin_european.png	8	8	8309	32	88
nonlatin_european.png	8	8	8310	40	88
nonlatin_european.png	8	8	8311	48	88
nonlatin_european.png	8	8	8312	56	88
nonlatin_european.png	8	8	8313	64	88
nonlatin_european.png	8	8	8314	72	88
nonlatin_european.png	8	8	8315	80	88
nonlatin_european.png	8	8	8316	88	88
nonlatin_european.png	8	8	8317	96	88
nonlatin_european.png	8	8	8318	104	88
nonlatin_european.png	8	8	8305	112	88
nonlatin_european.png	8	8	8482	120	88
nonlatin_european.png	8	8	660	0	96
nonlatin_european.png	8	8	661	8	96
nonlatin_european.png	8	8	10696	16	96
nonlatin_european.png	8	8	9876	24	96
nonlatin_european.png	8	8	9760	32	96
nonlatin_european.png	8	8	1178	40	96
nonlatin_european.png	8	8	1179	48	96
nonlatin_european.png	8	8	1170	56	96
nonlatin_european.png	8	8	1171	64	96
nonlatin_european.png	8	8	1200	72	96
nonlatin_european.png	8	8	1201	80	96
nonlatin_european.png	8	8	1240	88	96
nonlatin_european.png	8	8	1241	96	96
nonlatin_european.png	8	8	1174	104	96
nonlatin_european.png	8	8	1175	112	96
nonlatin_european.png	8	8	1186	120	96
nonlatin_european.png	8	8	1187	0	104
nonlatin_european.png	8	8	1210	8	104
nonlatin_european.png	8	8	1488	16	104
nonlatin_european.png	8	8	1489	24	104
nonlatin_european.png	8	8	1490	32	104
nonlatin_european.png	8	8	1491	40	104
nonlatin_european.png	8	8	1492	48	104
nonlatin_european.png	8	8	1493	56	104
nonlatin_european.png	8	8	1494	64	104
nonlatin_european.png	8	8	1495	72	104
nonlatin_european.png	8	8	1496	80	104
nonlatin_european.png	8	8	1497	88	104
nonlatin_european.png	8	8	1499	96	104
nonlatin_european.png	8	8	1500	104	104
nonlatin_european.png	8	8	1502	112	104
nonlatin_european.png	8	8	1501	120	104
nonlatin_european.png	8	8	1504	0	112
nonlatin_european.png	8	8	1503	8	112
nonlatin_european.png	8	8	1505	16	112
nonlatin_european.png	8	8	1506	24	112
nonlatin_european.png	8	8	1508	32	112
nonlatin_european.png	8	8	1507	40	112
nonlatin_european.png	8	8	1510	48	112
nonlatin_european.png	8	8	1509	56	112
nonlatin_european.png	8	8	1511	64	112
nonlatin_european.png	8	8	1512	72	112
nonlatin_european.png	8	8	162	80	112
nonlatin_european.png	8	8	164	88	112
nonlatin_european.png	8	8	165	96	112
nonlatin_european.png	8	8	169	104	112
nonlatin_european.png	8	8	174	112	112
nonlatin_european.png	8	8	181	120	112
nonlatin_european.png	8	8	182	0	120
nonlatin_european.png	8	8	188	8	120
nonlatin_european.png	8	8	189	16	120
nonlatin_european.png	8	8	190	24	120
nonlatin_european.png	8	8	903	32	120
nonlatin_european.png	8	8	8208	40	120
nonlatin_european.png	8	8	8218	48	120
nonlatin_european.png	8	8	8224	56	120
nonlatin_european.png	8	8	8225	64	120
nonlatin_european.png	8	8	8226	72	120
nonlatin_european.png	8	8	8241	80	120
nonlatin_european.png	8	8	8242	88	120
nonlatin_european.png	8	8	8243	96	120
nonlatin_european.png	8	8	8244	104	120
nonlatin_european.png	8	8	8245	112	120
nonlatin_european.png	8	8	8246	120	120
nonlatin_european.png	8	8	8247	0	128
nonlatin_european.png	8	8	8249	8	128
nonlatin_european.png	8	8	8250	16	128
nonlatin_european.png	8	8	8251	24	128
nonlatin_european.png	8	8	8252	32	128
nonlatin_european.png	8	8	8253	40	128
nonlatin_european.png	8	8	8258	48	128
nonlatin_european.png	8	8	8264	56	128
nonlatin_european.png	8	8	8265	64	128
nonlatin_european.png	8	8	8267	72	128
nonlatin_european.png	8	8	8270	80	128
nonlatin_european.png	8	8	8271	88	128
nonlatin_european.png	8	8	8273	96	128
nonlatin_european.png	8	8	8274	104	128
nonlatin_european.png	8	8	8279	112	128
nonlatin_european.png	8	8	8471	120	128
nonlatin_european.png	8	8	8722	0	136
nonlatin_european.png	8	8	8723	8	136
nonlatin_european.png	8	8	8734	16	136
nonlatin_european.png	8	8	9728	24	136
nonlatin_european.png	8	8	9729	32	136
nonlatin_european.png	8	8	9736	40	136
nonlatin_european.png	8	8	1028	48	136
nonlatin_european.png	8	8	9778	56	136
nonlatin_european.png	8	8	9781	64	136
nonlatin_european.png	8	8	9789	72	136
nonlatin_european.png	8	8	9792	80	136
nonlatin_european.png	8	8	9794	88	136
nonlatin_european.png	8	8	9893	96	136
nonlatin_european.png	8	8	9824	104	136
nonlatin_european.png	8	8	9827	112	136
nonlatin_european.png	8	8	9829	120	136
nonlatin_european.png	8	8	9830	0	144
nonlatin_european.png	8	8	9833	8	144
nonlatin_european.png	8	8	9834	16	144
nonlatin_european.png	8	8	9835	24	144
nonlatin_european.png	8	8	9836	32	144
nonlatin_european.png	8	8	9837	40	144
nonlatin_european.png	8	8	9838	48	144
nonlatin_european.png	8	8	9839	56	144
nonlatin_european.png	8	8	9856	64	144
nonlatin_european.png	8	8	9857	72	144
nonlatin_european.png	8	8	9858	80	144
nonlatin_european.png	8	8	9859	88	144
nonlatin_european.png	8	8	9860	96	144
nonlatin_european.png	8	8	9861	104	144
nonlatin_european.png	8	8	684	112	144
nonlatin_european.png	8	8	9889	120	144
nonlatin_european.png	8	8	9935	0	152
nonlatin_european.png	8	8	10004	8	152
nonlatin_european.png	8	8	10052	16	152
nonlatin_european.png	8	8	10060	24	152
nonlatin_european.png	8	8	10084	32	152
nonlatin_european.png	8	8	11088	40	152
nonlatin_european.png	8	8	11800	48	152
nonlatin_european.png	8	8	11822	56	152
nonlatin_european.png	8	8	11829	64	152
nonlatin_european.png	8	8	11832	72	152
nonlatin_european.png	8	8	11841	80	152
nonlatin_european.png	8	8	11851	88	152
nonlatin_european.png	8	8	10589	96	152
nonlatin_european.png	8	8	5652	104	152
nonlatin_european.png	8	8	400	112	152
nonlatin_european.png	8	8	1992	120	152
nonlatin_european.png	8	8	987	0	160
nonlatin_european.png	8	8	12581	8	160
nonlatin_european.png	8	8	11375	16	160
nonlatin_european.png	8	8	5626	24	160
nonlatin_european.png	8	8	390	32	160
nonlatin_european.png	8	8	5601	40	160
nonlatin_european.png	8	8	398	48	160
nonlatin_european.png	8	8	8498	56	160
nonlatin_european.png	8	8	8513	64	160
nonlatin_european.png	8	8	42928	72	160
nonlatin_european.png	8	8	42880	80	160
nonlatin_european.png	8	8	1280	88	160
nonlatin_european.png	8	8	42873	96	160
nonlatin_european.png	8	8	7450	104	160
nonlatin_european.png	8	8	10200	112	160
nonlatin_european.png	8	8	8745	120	160
nonlatin_european.png	8	8	581	0	168
nonlatin_european.png	8	8	8516	8	168
nonlatin_european.png	8	8	592	16	168
nonlatin_european.png	8	8	596	24	168
nonlatin_european.png	8	8	477	32	168
nonlatin_european.png	8	8	607	40	168
nonlatin_european.png	8	8	7543	48	168
nonlatin_european.png	8	8	613	56	168
nonlatin_european.png	8	8	7433	64	168
nonlatin_european.png	8	8	638	72	168
nonlatin_european.png	8	8	670	80	168
nonlatin_european.png	8	8	42881	88	168
nonlatin_european.png	8	8	623	96	168
nonlatin_european.png	8	8	633	104	168
nonlatin_european.png	8	8	647	112	168
nonlatin_european.png	8	8	652	120	168
nonlatin_european.png	8	8	653	0	176
nonlatin_european.png	8	8	654	8	176
nonlatin_european.png	8	8	1329	16	176
nonlatin_european.png	8	8	1330	24	176
nonlatin_european.png	8	8	1331	32	176
nonlatin_european.png	8	8	1332	40	176
nonlatin_european.png	8	8	1334	48	176
nonlatin_european.png	8	8	1335	56	176
nonlatin_european.png	8	8	1337	64	176
nonlatin_european.png	8	8	1338	72	176
nonlatin_european.png	8	8	1339	80	176
nonlatin_european.png	8	8	1340	88	176
nonlatin_european.png	8	8	1341	96	176
nonlatin_european.png	8	8	1342	104	176
nonlatin_european.png	8	8	1343	112	176
nonlatin_european.png	8	8	1344	120	176
nonlatin_european.png	8	8	1345	0	184
nonlatin_european.png	8	8	1346	8	184
nonlatin_european.png	8	8	1347	16	184
nonlatin_european.png	8	8	1348	24	184
nonlatin_european.png	8	8	1349	32	184
nonlatin_european.png	8	8	1350	40	184
nonlatin_european.png	8	8	1351	48	184
nonlatin_european.png	8	8	1352	56	184
nonlatin_european.png	8	8	1353	64	184
nonlatin_european.png	8	8	1355	72	184
nonlatin_european.png	8	8	1356	80	184
nonlatin_european.png	8	8	1357	88	184
nonlatin_european.png	8	8	1358	96	184
nonlatin_european.png	8	8	1359	104	184
nonlatin_european.png	8	8	1360	112	184
nonlatin_european.png	8	8	1361	120	184
nonlatin_european.png	8	8	1362	0	192
nonlatin_european.png	8	8	1363	8	192
nonlatin_european.png	8	8	1364	16	192
nonlatin_european.png	8	8	1365	24	192
nonlatin_european.png	8	8	1366	32	192
nonlatin_european.png	8	8	1369	40	192
nonlatin_european.png	8	8	1377	48	192
nonlatin_european.png	8	8	1378	56	192
nonlatin_european.png	8	8	1379	64	192
nonlatin_european.png	8	8	1380	72	192
nonlatin_european.png	8	8	1381	80	192
nonlatin_european.png	8	8	1382	88	192
nonlatin_european.png	8	8	1383	96	192
nonlatin_european.png	8	8	1384	104	192
nonlatin_european.png	8	8	1385	112	192
nonlatin_european.png	8	8	1386	120	192
nonlatin_european.png	8	8	1387	0	200
nonlatin_european.png	8	8	1388	8	200
nonlatin_european.png	8	8	1389	16	200
nonlatin_european.png	8	8	1390	24	200
nonlatin_european.png	8	8	1391	32	200
nonlatin_european.png	8	8	1392	40	200
nonlatin_european.png	8	8	1393	48	200
nonlatin_european.png	8	8	1394	56	200
nonlatin_european.png	8	8	1395	64	200
nonlatin_european.png	8	8	1396	72	200
nonlatin_european.png	8	8	1397	80	200
nonlatin_european.png	8	8	1398	88	200
nonlatin_european.png	8	8	1399	96	200
nonlatin_european.png	8	8	1400	104	200
nonlatin_european.png	8	8	1401	112	200
nonlatin_european.png	8	8	1402	120	200
nonlatin_european.png	8	8	1403	0	208
nonlatin_european.png	8	8	1404	8	208
nonlatin_european.png	8	8	1405	16	208
nonlatin_european.png	8	8	1406	24	208
nonlatin_european.png	8	8	1407	32	208
nonlatin_european.png	8	8	1408	40	208
nonlatin_european.png	8	8	1409	48	208
nonlatin_european.png	8	8	1410	56	208
nonlatin_european.png	8	8	1411	64	208
nonlatin_european.png	8	8	1412	72	208
nonlatin_european.png	8	8	1413	80	208
nonlatin_european.png	8	8	1414	88	208
nonlatin_european.png	8	8	1415	96	208
nonlatin_european.png	8	8	1513	104	208
nonlatin_european.png	8	8	1514	112	208
nonlatin_european.png	8	8	1336	120	208
nonlatin_european.png	8	8	1370	0	216
nonlatin_european.png	8	8	1371	8	216
nonlatin_european.png	8	8	1372	16	216
nonlatin_european.png	8	8	1373	24	216
nonlatin_european.png	8	8	1374	32	216
nonlatin_european.png	8	8	1375	40	216
nonlatin_european.png	8	8	1376	48	216
nonlatin_european.png	8	8	1416	56	216
nonlatin_european.png	8	8	1423	64	216
nonlatin_european.png	8	8	175	72	216
nonlatin_european.png	8	8	383	80	216
nonlatin_european.png	8	8	439	88	216
nonlatin_european.png	8	8	658	96	216
nonlatin_european.png	8	8	503	104	216
nonlatin_european.png	8	8	447	112	216
nonlatin_european.png	8	8	540	120	216
nonlatin_european.png	8	8	541	0	224
nonlatin_european.png	8	8	548	8	224
nonlatin_european.png	8	8	549	16	224
nonlatin_european.png	8	8	729	24	224
nonlatin_european.png	8	8	42842	32	224
nonlatin_european.png	8	8	42843	40	224
nonlatin_european.png	8	8	8209	48	224
nonlatin_european.png	8	8	8523	56	224
nonlatin_european.png	8	8	9167	64	224
nonlatin_european.png	8	8	9193	72	224
nonlatin_european.png	8	8	9194	80	224
nonlatin_european.png	8	8	9197	88	224
nonlatin_european.png	8	8	9198	96	224
nonlatin_european.png	8	8	9199	104	224
nonlatin_european.png	8	8	9204	112	224
nonlatin_european.png	8	8	9205	120	224
nonlatin_european.png	8	8	9206	0	232
nonlatin_european.png	8	8	9207	8	232
nonlatin_european.png	8	8	9208	16	232
nonlatin_european.png	8	8	9209	24	232
nonlatin_european.png	8	8	9210	32	232
nonlatin_european.png	8	8	9211	40	232
nonlatin_european.png	8	8	9212	48	232
nonlatin_european.png	8	8	9213	56	232
nonlatin_european.png	8	8	11096	64	232
nonlatin_european.png	8	8	9650	72	232
nonlatin_european.png	8	8	9654	80	232
nonlatin_european.png	8	8	9660	88	232
nonlatin_european.png	8	8	9664	96	232
nonlatin_european.png	8	8	9679	104	232
nonlatin_european.png	8	8	9702	112	232
nonlatin_european.png	8	8	9688	120	232
nonlatin_european.png	8	8	9875	0	240
nonlatin_european.png	8	8	9960	8	240
nonlatin_european.png	8	8	306	16	240
nonlatin_european.png	8	8	307	24	240
nonlatin_european.png	8	8	457	32	240
nonlatin_european.png	8	8	42792	40	240
nonlatin_european.png	8	8	42793	48	240
nonlatin_european.png	8	8	42809	56	240
nonlatin_european.png	8	8	42811	64	240
nonlatin_european.png	8	8	64256	72	240
nonlatin_european.png	8	8	64257	80	240
nonlatin_european.png	8	8	64258	88	240
nonlatin_european.png	8	8	64259	96	240
nonlatin_european.png	8	8	64261	104	240
nonlatin_european.png	8	8	65533	112	240
nonlatin_european.png	8	8	1333	120	240
nonlatin_european.png	8	8	1354	0	248
nonlatin_european.png	8	8	5792	8	248
nonlatin_european.png	8	8	5794	16	248
nonlatin_european.png	8	8	5795	24	248
nonlatin_european.png	8	8	5796	32	248
nonlatin_european.png	8	8	5797	40	248
nonlatin_european.png	8	8	5798	48	248
nonlatin_european.png	8	8	5799	56	248
nonlatin_european.png	8	8	5800	64	248
nonlatin_european.png	8	8	5801	72	248
nonlatin_european.png	8	8	5802	80	248
nonlatin_european.png	8	8	5803	88	248
nonlatin_european.png	8	8	5804	96	248
nonlatin_european.png	8	8	5805	104	248
nonlatin_european.png	8	8	5806	112	248
nonlatin_european.png	8	8	5807	120	248
nonlatin_european.png	8	8	5808	0	256
nonlatin_european.png	8	8	5809	8	256
nonlatin_european.png	8	8	5810	16	256
nonlatin_european.png	8	8	5811	24	256
nonlatin_european.png	8	8	5812	32	256
nonlatin_european.png	8	8	5814	40	256
nonlatin_european.png	8	8	5815	48	256
nonlatin_european.png	8	8	5816	56	256
nonlatin_european.png	8	8	5817	64	256
nonlatin_european.png	8	8	5818	72	256
nonlatin_european.png	8	8	5819	80	256
nonlatin_european.png	8	8	5820	88	256
nonlatin_european.png	8	8	5821	96	256
nonlatin_european.png	8	8	5822	104	256
nonlatin_european.png	8	8	5823	112	256
nonlatin_european.png	8	8	5824	120	256
nonlatin_european.png	8	8	5825	0	264
nonlatin_european.png	8	8	5826	8	264
nonlatin_european.png	8	8	5827	16	264
nonlatin_european.png	8	8	5828	24	264
nonlatin_european.png	8	8	5829	32	264
nonlatin_european.png	8	8	5830	40	264
nonlatin_european.png	8	8	5831	48	264
nonlatin_european.png	8	8	5832	56	264
nonlatin_european.png	8	8	5833	64	264
nonlatin_european.png	8	8	5834	72	264
nonlatin_european.png	8	8	5835	80	264
nonlatin_european.png	8	8	5836	88	264
nonlatin_european.png	8	8	5837	96	264
nonlatin_european.png	8	8	5838	104	264
nonlatin_european.png	8	8	5839	112	264
nonlatin_european.png	8	8	5840	120	264
nonlatin_european.png	8	8	5841	0	272
nonlatin_european.png	8	8	5842	8	272
nonlatin_european.png	8	8	5843	16	272
nonlatin_european.png	8	8	5844	24	272
nonlatin_european.png	8	8	5845	32	272
nonlatin_european.png	8	8	5846	40	272
nonlatin_european.png	8	8	5847	48	272
nonlatin_european.png	8	8	5848	56	272
nonlatin_european.png	8	8	5849	64	272
nonlatin_european.png	8	8	5850	72	272
nonlatin_european.png	8	8	5851	80	272
nonlatin_european.png	8	8	5852	88	272
nonlatin_european.png	8	8	5853	96	272
nonlatin_european.png	8	8	5854	104	272
nonlatin_european.png	8	8	5855	112	272
nonlatin_european.png	8	8	5856	120	272
nonlatin_european.png	8	8	5857	0	280
nonlatin_european.png	8	8	5858	8	280
nonlatin_european.png	8	8	5859	16	280
nonlatin_european.png	8	8	5860	24	280
nonlatin_european.png	8	8	5861	32	280
nonlatin_european.png	8	8	5862	40	280
nonlatin_european.png	8	8	5863	48	280
nonlatin_european.png	8	8	5864	56	280
nonlatin_european.png	8	8	5865	64	280
nonlatin_european.png	8	8	5866	72	280
nonlatin_european.png	8	8	5867	80	280
nonlatin_european.png	8	8	5868	88	280
nonlatin_european.png	8	8	5869	96	280
nonlatin_european.png	8	8	5870	104	280
nonlatin_european.png	8	8	5871	112	280
nonlatin_european.png	8	8	5872	120	280
nonlatin_european.png	8	8	5873	0	288
nonlatin_european.png	8	8	5874	8	288
nonlatin_european.png	8	8	5875	16	288
nonlatin_european.png	8	8	5876	24	288
nonlatin_european.png	8	8	5877	32	288
nonlatin_european.png	8	8	5878	40	288
nonlatin_european.png	8	8	5879	48	288
nonlatin_european.png	8	8	5880	56	288
nonlatin_european.png	8	8	9786	64	288
nonlatin_european.png	8	8	9787	72	288
nonlatin_european.png	8	8	166	80	288
nonlatin_european.png	8	8	9785	88	288
nonlatin_european.png	8	8	1498	96	288
nonlatin_european.png	8	8	1523	104	288
nonlatin_european.png	8	8	1524	112	288
nonlatin_european.png	8	8	1520	120	288
nonlatin_european.png	8	8	1521	0	296
nonlatin_european.png	8	8	1522	8	296
nonlatin_european.png	8	8	1470	16	296
nonlatin_european.png	8	8	1475	24	296
nonlatin_european.png	8	8	1478	32	296
nonlatin_european.png	8	8	180	40	296
nonlatin_european.png	8	8	168	48	296
nonlatin_european.png	8	8	7424	56	296
nonlatin_european.png	8	8	665	64	296
nonlatin_european.png	8	8	7428	72	296
nonlatin_european.png	8	8	7429	80	296
nonlatin_european.png	8	8	7431	88	296
nonlatin_european.png	8	8	42800	96	296
nonlatin_european.png	8	8	610	104	296
nonlatin_european.png	8	8	668	112	296
nonlatin_european.png	8	8	7434	120	296
nonlatin_european.png	8	8	7435	0	304
nonlatin_european.png	8	8	671	8	304
nonlatin_european.png	8	8	7437	16	304
nonlatin_european.png	8	8	628	24	304
nonlatin_european.png	8	8	7439	32	304
nonlatin_european.png	8	8	7448	40	304
nonlatin_european.png	8	8	42927	48	304
nonlatin_european.png	8	8	640	56	304
nonlatin_european.png	8	8	42801	64	304
nonlatin_european.png	8	8	7451	72	304
nonlatin_european.png	8	8	7452	80	304
nonlatin_european.png	8	8	7456	88	304
nonlatin_european.png	8	8	7457	96	304
nonlatin_european.png	8	8	655	104	304
nonlatin_european.png	8	8	7458	112	304
nonlatin_european.png	8	8	167	120	304
nonlatin_european.png	8	8	625	0	312
nonlatin_european.png	8	8	627	8	312
nonlatin_european.png	8	8	626	16	312
nonlatin_european.png	8	8	648	24	312
nonlatin_european.png	8	8	598	32	312
nonlatin_european.png	8	8	609	40	312
nonlatin_european.png	8	8	673	48	312
nonlatin_european.png	8	8	597	56	312
nonlatin_european.png	8	8	657	64	312
nonlatin_european.png	8	8	632	72	312
nonlatin_european.png	8	8	669	80	312
nonlatin_european.png	8	8	674	88	312
nonlatin_european.png	8	8	635	96	312
nonlatin_european.png	8	8	641	104	312
nonlatin_european.png	8	8	614	112	312
nonlatin_european.png	8	8	651	120	312
nonlatin_european.png	8	8	624	0	320
nonlatin_european.png	8	8	620	8	320
nonlatin_european.png	8	8	622	16	320
nonlatin_european.png	8	8	664	24	320
nonlatin_european.png	8	8	448	32	320
nonlatin_european.png	8	8	451	40	320
nonlatin_european.png	8	8	450	48	320
nonlatin_european.png	8	8	449	56	320
nonlatin_european.png	8	8	595	64	320
nonlatin_european.png	8	8	599	72	320
nonlatin_european.png	8	8	7569	80	320
nonlatin_european.png	8	8	644	88	320
nonlatin_european.png	8	8	608	96	320
nonlatin_european.png	8	8	667	104	320
nonlatin_european.png	8	8	615	112	320
nonlatin_european.png	8	8	619	120	320
nonlatin_european.png	8	8	616	0	328
nonlatin_european.png	8	8	649	8	328
nonlatin_european.png	8	8	650	16	328
nonlatin_european.png	8	8	600	24	328
nonlatin_european.png	8	8	629	32	328
nonlatin_european.png	8	8	612	40	328
nonlatin_european.png	8	8	604	48	328
nonlatin_european.png	8	8	606	56	328
nonlatin_european.png	8	8	593	64	328
nonlatin_european.png	8	8	594	72	328
nonlatin_european.png	8	8	602	80	328
nonlatin_european.png	8	8	605	88	328
nonlatin_european.png	8	8	385	96	328
nonlatin_european.png	8	8	393	104	328
nonlatin_european.png	8	8	401	112	328
nonlatin_european.png	8	8	425	120	328
nonlatin_european.png	8	8	434	0	336
nonlatin_european.png	8	8	4256	8	336
nonlatin_european.png	8	8	4257	16	336
nonlatin_european.png	8	8	4258	24	336
nonlatin_european.png	8	8	4259	32	336
nonlatin_european.png	8	8	4260	40	336
nonlatin_european.png	8	8	4261	48	336
nonlatin_european.png	8	8	4262	56	336
nonlatin_european.png	8	8	4263	64	336
nonlatin_european.png	8	8	4264	72	336
nonlatin_european.png	8	8	4265	80	336
nonlatin_european.png	8	8	4266	88	336
nonlatin_european.png	8	8	4267	96	336
nonlatin_european.png	8	8	4268	104	336
nonlatin_european.png	8	8	4269	112	336
nonlatin_european.png	8	8	4270	120	336
nonlatin_european.png	8	8	4271	0	344
nonlatin_european.png	8	8	4272	8	344
nonlatin_european.png	8	8	4273	16	344
nonlatin_european.png	8	8	4274	24	344
nonlatin_european.png	8	8	4275	32	344
nonlatin_european.png	8	8	4276	40	344
nonlatin_european.png	8	8	4277	48	344
nonlatin_european.png	8	8	4278	56	344
nonlatin_european.png	8	8	4279	64	344
nonlatin_european.png	8	8	4280	72	344
nonlatin_european.png	8	8	4281	80	344
nonlatin_european.png	8	8	4282	88	344
nonlatin_european.png	8	8	4283	96	344
nonlatin_european.png	8	8	4284	104	344
nonlatin_european.png	8	8	4285	112	344
nonlatin_european.png	8	8	4286	120	344
nonlatin_european.png	8	8	4287	0	352
nonlatin_european.png	8	8	4288	8	352
nonlatin_european.png	8	8	4289	16	352
nonlatin_european.png	8	8	4290	24	352
nonlatin_european.png	8	8	4291	32	352
nonlatin_european.png	8	8	4292	40	352
nonlatin_european.png	8	8	4293	48	352
nonlatin_european.png	8	8	4295	56	352
nonlatin_european.png	8	8	4301	64	352
nonlatin_european.png	8	8	4304	72	352
nonlatin_european.png	8	8	4305	80	352
nonlatin_european.png	8	8	4306	88	352
nonlatin_european.png	8	8	4307	96	352
nonlatin_european.png	8	8	4308	104	352
nonlatin_european.png	8	8	4309	112	352
nonlatin_european.png	8	8	4310	120	352
nonlatin_european.png	8	8	4311	0	360
nonlatin_european.png	8	8	4312	8	360
nonlatin_european.png	8	8	4313	16	360
nonlatin_european.png	8	8	4314	24	360
nonlatin_european.png	8	8	4315	32	360
nonlatin_european.png	8	8	4316	40	360
nonlatin_european.png	8	8	4317	48	360
nonlatin_european.png	8	8	4318	56	360
nonlatin_european.png	8	8	4319	64	360
nonlatin_european.png	8	8	4320	72	360
nonlatin_european.png	8	8	4321	80	360
nonlatin_european.png	8	8	4322	88	360
nonlatin_european.png	8	8	4323	96	360
nonlatin_european.png	8	8	4324	104	360
nonlatin_european.png	8	8	4325	112	360
nonlatin_european.png	8	8	4326	120	360
nonlatin_european.png	8	8	4327	0	368
nonlatin_european.png	8	8	4328	8	368
nonlatin_european.png	8	8	4329	16	368
nonlatin_european.png	8	8	4330	24	368
nonlatin_european.png	8	8	4331	32	368
nonlatin_european.png	8	8	4332	40	368
nonlatin_european.png	8	8	4333	48	368
nonlatin_european.png	8	8	4334	56	368
nonlatin_european.png	8	8	4335	64	368
nonlatin_european.png	8	8	4336	72	368
nonlatin_european.png	8	8	4337	80	368
nonlatin_european.png	8	8	4338	88	368
nonlatin_european.png	8	8	4339	96	368
nonlatin_european.png	8	8	4340	104	368
nonlatin_european.png	8	8	4341	112	368
nonlatin_european.png	8	8	4342	120	368
nonlatin_european.png	8	8	4343	0	376
nonlatin_european.png	8	8	4344	8	376
nonlatin_european.png	8	8	4345	16	376
nonlatin_european.png	8	8	4346	24	376
nonlatin_european.png	8	8	4347	32	376
nonlatin_european.png	8	8	4348	40	376
nonlatin_european.png	8	8	4349	48	376
nonlatin_european.png	8	8	4350	56	376
nonlatin_european.png	8	8	4351	64	376
nonlatin_european.png	8	8	64330	72	376
nonlatin_european.png	8	8	64299	80	376
nonlatin_european.png	8	8	64334	88	376
nonlatin_european.png	8	8	64324	96	376
nonlatin_european.png	8	8	64315	104	376
nonlatin_european.png	8	8	64287	112	376
nonlatin_european.png	8	8	64285	120	376
nonlatin_european.png	8	8	64331	0	384
nonlatin_european.png	8	8	64309	8	384
nonlatin_european.png	8	8	64332	16	384
nonlatin_european.png	8	8	64305	24	384
nonlatin_european.png	8	8	42791	32	384
nonlatin_european.png	8	8	42790	40	384
nonlatin_european.png	8	8	634	48	384
nonlatin_european.png	8	8	11377	56	384
nonlatin_european.png	8	8	672	64	384
nonlatin_european.png	8	8	663	72	384
nonlatin_european.png	8	8	662	80	384
nonlatin_european.png	8	8	621	88	384
nonlatin_european.png	8	8	631	96	384
nonlatin_european.png	8	8	639	104	384
nonlatin_european.png	8	8	645	112	384
nonlatin_european.png	8	8	646	120	384
nonlatin_european.png	8	8	659	0	392
nonlatin_european.png	8	8	666	8	392
nonlatin_european.png	8	8	8362	16	392
nonlatin_european.png	8	8	8382	24	392
nonlatin_european.png	8	8	1418	32	392
nonlatin_european.png	8	8	11520	40	392
nonlatin_european.png	8	8	11521	48	392
nonlatin_european.png	8	8	11522	56	392
nonlatin_european.png	8	8	11523	64	392
nonlatin_european.png	8	8	11524	72	392
nonlatin_european.png	8	8	11525	80	392
nonlatin_european.png	8	8	11526	88	392
nonlatin_european.png	8	8	11553	96	392
nonlatin_european.png	8	8	11527	104	392
nonlatin_european.png	8	8	11528	112	392
nonlatin_european.png	8	8	11529	120	392
nonlatin_european.png	8	8	11530	0	400
nonlatin_european.png	8	8	11531	8	400
nonlatin_european.png	8	8	11532	16	400
nonlatin_european.png	8	8	11554	24	400
nonlatin_european.png	8	8	11533	32	400
nonlatin_european.png	8	8	11534	40	400
nonlatin_european.png	8	8	11535	48	400
nonlatin_european.png	8	8	11536	56	400
nonlatin_european.png	8	8	11537	64	400
nonlatin_european.png	8	8	11538	72	400
nonlatin_european.png	8	8	11555	80	400
nonlatin_european.png	8	8	11539	88	400
nonlatin_european.png	8	8	11540	96	400
nonlatin_european.png	8	8	11541	104	400
nonlatin_european.png	8	8	11542	112	400
nonlatin_european.png	8	8	11543	120	400
nonlatin_european.png	8	8	11544	0	408
nonlatin_european.png	8	8	11545	8	408
nonlatin_european.png	8	8	11546	16	408
nonlatin_european.png	8	8	11547	24	408
nonlatin_european.png	8	8	11548	32	408
nonlatin_european.png	8	8	11549	40	408
nonlatin_european.png	8	8	11550	48	408
nonlatin_european.png	8	8	11556	56	408
nonlatin_european.png	8	8	11551	64	408
nonlatin_european.png	8	8	11552	72	408
nonlatin_european.png	8	8	11557	80	408
nonlatin_european.png	8	8	8539	88	408
nonlatin_european.png	8	8	8540	96	408
nonlatin_european.png	8	8	8541	104	408
nonlatin_european.png	8	8	8542	112	408
nonlatin_european.png	8	8	8531	120	408
nonlatin_european.png	8	8	8532	0	416
nonlatin_european.png	8	8	9993	8	416
nonlatin_european.png	8	8	9730	16	416
nonlatin_european.png	8	8	9748	24	416
nonlatin_european.png	8	8	9732	32	416
nonlatin_european.png	8	8	9924	40	416
nonlatin_european.png	8	8	9731	48	416
nonlatin_european.png	8	8	8987	56	416
nonlatin_european.png	8	8	8986	64	416
nonlatin_european.png	8	8	9872	72	416
nonlatin_european.png	8	8	9998	80	416
nonlatin_european.png	8	8	10083	88	416
nonlatin_european.png	8	8	9828	96	416
nonlatin_european.png	8	8	9831	104	416
nonlatin_european.png	8	8	9825	112	416
nonlatin_european.png	8	8	9826	120	416
nonlatin_european.png	8	8	9928	0	424
nonlatin_european.png	8	8	9776	8	424
nonlatin_european.png	8	8	9777	16	424
nonlatin_european.png	8	8	9779	24	424
nonlatin_european.png	8	8	9780	32	424
nonlatin_european.png	8	8	9782	40	424
nonlatin_european.png	8	8	9783	48	424
nonlatin_european.png	8	8	8596	56	424
nonlatin_european.png	8	8	8658	64	424
nonlatin_european.png	8	8	8655	72	424
nonlatin_european.png	8	8	8660	80	424
nonlatin_european.png	8	8	8693	88	424
nonlatin_european.png	8	8	8704	96	424
nonlatin_european.png	8	8	8707	104	424
nonlatin_european.png	8	8	8708	112	424
nonlatin_european.png	8	8	8713	120	424
nonlatin_european.png	8	8	8715	0	432
nonlatin_european.png	8	8	8716	8	432
nonlatin_european.png	8	8	8834	16	432
nonlatin_european.png	8	8	8835	24	432
nonlatin_european.png	8	8	8836	32	432
nonlatin_european.png	8	8	8837	40	432
nonlatin_european.png	8	8	8743	48	432
nonlatin_european.png	8	8	8744	56	432
nonlatin_european.png	8	8	8891	64	432
nonlatin_european.png	8	8	8892	72	432
nonlatin_european.png	8	8	8893	80	432
nonlatin_european.png	8	8	8741	88	432
nonlatin_european.png	8	8	8802	96	432
nonlatin_european.png	8	8	8902	104	432
nonlatin_european.png	8	8	8721	112	432
nonlatin_european.png	8	8	8868	120	432
nonlatin_european.png	8	8	8869	0	440
nonlatin_european.png	8	8	8866	8	440
nonlatin_european.png	8	8	8872	16	440
nonlatin_european.png	8	8	8788	24	440
nonlatin_european.png	8	8	8705	32	440
nonlatin_european.png	8	8	8756	40	440
nonlatin_european.png	8	8	8757	48	440
nonlatin_european.png	8	8	8731	56	440
nonlatin_european.png	8	8	8732	64	440
nonlatin_european.png	8	8	8706	72	440
nonlatin_european.png	8	8	8899	80	440
nonlatin_european.png	8	8	8838	88	440
nonlatin_european.png	8	8	8839	96	440
nonlatin_european.png	8	8	9633	104	440
nonlatin_european.png	8	8	9651	112	440
nonlatin_european.png	8	8	9655	120	440
nonlatin_european.png	8	8	9661	0	448
nonlatin_european.png	8	8	9665	8	448
nonlatin_european.png	8	8	9670	16	448
nonlatin_european.png	8	8	9671	24	448
nonlatin_european.png	8	8	9675	32	448
nonlatin_european.png	8	8	9678	40	448
nonlatin_european.png	8	8	9734	48	448
nonlatin_european.png	8	8	9733	56	448
nonlatin_european.png	8	8	10008	64	448
nonlatin_european.png	8	8	8320	72	448
nonlatin_european.png	8	8	8321	80	448
nonlatin_european.png	8	8	8322	88	448
nonlatin_european.png	8	8	8323	96	448
nonlatin_european.png	8	8	8324	104	448
nonlatin_european.png	8	8	8325	112	448
nonlatin_european.png	8	8	8326	120	448
nonlatin_european.png	8	8	8327	0	456
nonlatin_european.png	8	8	8328	8	456
nonlatin_european.png	8	8	8329	16	456
nonlatin_european.png	8	8	8330	24	456
nonlatin_european.png	8	8	8331	32	456
nonlatin_european.png	8	8	8332	40	456
nonlatin_european.png	8	8	8333	48	456
nonlatin_european.png	8	8	8334	56	456
nonlatin_european.png	8	8	8747	64	456
nonlatin_european.png	8	8	8750	72	456
nonlatin_european.png	8	8	8733	80	456
nonlatin_european.png	8	8	8960	88	456
nonlatin_european.png	8	8	8962	96	456
nonlatin_european.png	8	8	8984	104	456
nonlatin_european.png	8	8	12306	112	456
nonlatin_european.png	8	8	636	120	456
nonlatin_european.png	8	8	388	0	464
nonlatin_european.png	8	8	389	8	464
nonlatin_european.png	8	8	7839	16	464
nonlatin_european.png	8	8	573	24	464
nonlatin_european.png	8	8	410	32	464
nonlatin_european.png	8	8	411	40	464
nonlatin_european.png	8	8	544	48	464
nonlatin_european.png	8	8	414	56	464
nonlatin_european.png	8	8	415	64	464
nonlatin_european.png	8	8	423	72	464
nonlatin_european.png	8	8	424	80	464
nonlatin_european.png	8	8	426	88	464
nonlatin_european.png	8	8	440	96	464
nonlatin_european.png	8	8	441	104	464
nonlatin_european.png	8	8	443	112	464
nonlatin_european.png	8	8	444	120	464
nonlatin_european.png	8	8	445	0	472
nonlatin_european.png	8	8	446	8	472
nonlatin_european.png	8	8	545	16	472
nonlatin_european.png	8	8	564	24	472
nonlatin_european.png	8	8	565	32	472
nonlatin_european.png	8	8	566	40	472
nonlatin_european.png	8	8	570	48	472
nonlatin_european.png	8	8	11365	56	472
nonlatin_european.png	8	8	571	64	472
nonlatin_european.png	8	8	572	72	472
nonlatin_european.png	8	8	582	80	472
nonlatin_european.png	8	8	583	88	472
nonlatin_european.png	8	8	574	96	472
nonlatin_european.png	8	8	11366	104	472
nonlatin_european.png	8	8	577	112	472
nonlatin_european.png	8	8	578	120	472
nonlatin_european.png	8	8	579	0	480
nonlatin_european.png	8	8	580	8	480
nonlatin_european.png	8	8	584	16	480
nonlatin_european.png	8	8	585	24	480
nonlatin_european.png	8	8	586	32	480
nonlatin_european.png	8	8	587	40	480
nonlatin_european.png	8	8	588	48	480
nonlatin_european.png	8	8	589	56	480
nonlatin_european.png	8	8	590	64	480
nonlatin_european.png	8	8	591	72	480
nonlatin_european.png	8	8	7836	80	480
nonlatin_european.png	8	8	7837	88	480
nonlatin_european.png	8	8	7932	96	480
nonlatin_european.png	8	8	7933	104	480
nonlatin_european.png	8	8	7934	112	480
nonlatin_european.png	8	8	7935	120	480
nonlatin_european.png	8	8	42920	0	488
nonlatin_european.png	8	8	42921	8	488
nonlatin_european.png	8	8	66352	16	488
nonlatin_european.png	8	8	66353	24	488
nonlatin_european.png	8	8	66354	32	488
nonlatin_european.png	8	8	66355	40	488
nonlatin_european.png	8	8	66356	48	488
nonlatin_european.png	8	8	66357	56	488
nonlatin_european.png	8	8	66358	64	488
nonlatin_european.png	8	8	66359	72	488
nonlatin_european.png	8	8	66360	80	488
nonlatin_european.png	8	8	66361	88	488
nonlatin_european.png	8	8	66362	96	488
nonlatin_european.png	8	8	66363	104	488
nonlatin_european.png	8	8	66364	112	488
nonlatin_european.png	8	8	66365	120	488
nonlatin_european.png	8	8	66366	0	496
nonlatin_european.png	8	8	66367	8	496
nonlatin_european.png	8	8	66368	16	496
nonlatin_european.png	8	8	66369	24	496
nonlatin_european.png	8	8	66370	32	496
nonlatin_european.png	8	8	66371	40	496
nonlatin_european.png	8	8	66372	48	496
nonlatin_european.png	8	8	66373	56	496
nonlatin_european.png	8	8	66374	64	496
nonlatin_european.png	8	8	66375	72	496
nonlatin_european.png	8	8	66376	80	496
nonlatin_european.png	8	8	66377	88	496
nonlatin_european.png	8	8	66378	96	496
nonlatin_european.png	8	8	127783	104	496
nonlatin_european.png	8	8	128293	112	496
nonlatin_european.png	8	8	127754	120	496
nonlatin_european.png	8	8	8528	0	504
nonlatin_european.png	8	8	8529	8	504
nonlatin_european.png	8	8	8533	16	504
nonlatin_european.png	8	8	8534	24	504
nonlatin_european.png	8	8	8535	32	504
nonlatin_european.png	8	8	8537	40	504
nonlatin_european.png	8	8	8538	48	504
nonlatin_european.png	8	8	8543	56	504
nonlatin_european.png	8	8	8585	64	504
nonlatin_european.png	8	8	128481	72	504
nonlatin_european.png	8	8	127993	80	504
nonlatin_european.png	8	8	129683	88	504
nonlatin_european.png	8	8	128305	96	504
nonlatin_european.png	8	8	127907	104	504
nonlatin_european.png	8	8	129514	112	504
nonlatin_european.png	8	8	9879	120	504
nonlatin_european.png	8	8	11242	0	512
nonlatin_european.png	8	8	11243	8	512
nonlatin_european.png	8	8	11373	16	512
nonlatin_european.png	8	8	128737	24	512
nonlatin_european.png	8	8	9986	32	512
nonlatin_european.png	8	8	127830	40	512
nonlatin_european.png	8	8	129699	48	512
nonlatin_european.png	8	8	128276	56	512
nonlatin_european.png	8	8	9203	64	512
nonlatin_european.png	8	8	9873	72	512
nonlatin_european.png	8	8	8352	80	512
nonlatin_european.png	8	8	8353	88	512
nonlatin_european.png	8	8	8354	96	512
nonlatin_european.png	8	8	8355	104	512
nonlatin_european.png	8	8	8356	112	512
nonlatin_european.png	8	8	8357	120	512
nonlatin_european.png	8	8	8358	0	520
nonlatin_european.png	8	8	8361	8	520
nonlatin_european.png	8	8	8363	16	520
nonlatin_european.png	8	8	8365	24	520
nonlatin_european.png	8	8	8366	32	520
nonlatin_european.png	8	8	8368	40	520
nonlatin_european.png	8	8	8369	48	520
nonlatin_european.png	8	8	8370	56	520
nonlatin_european.png	8	8	8371	64	520
nonlatin_european.png	8	8	8373	72	520
nonlatin_european.png	8	8	8374	80	520
nonlatin_european.png	8	8	8375	88	520
nonlatin_european.png	8	8	8376	96	520
nonlatin_european.png	8	8	8377	104	520
nonlatin_european.png	8	8	8378	112	520
nonlatin_european.png	8	8	8379	120	520
nonlatin_european.png	8	8	8380	0	528
nonlatin_european.png	8	8	8383	8	528
accented.png	9	12	192	0	0
accented.png	9	12	193	9	0
accented.png	9	12	194	18	0
accented.png	9	12	195	27	0
accented.png	9	12	196	36	0
accented.png	9	12	197	45	0
accented.png	9	12	198	54	0
accented.png	9	12	199	63	0
accented.png	9	12	200	72	0
accented.png	9	12	201	81	0
accented.png	9	12	202	90	0
accented.png	9	12	203	99	0
accented.png	9	12	204	108	0
accented.png	9	12	205	117	0
accented.png	9	12	206	126	0
accented.png	9	12	207	135	0
accented.png	9	12	208	0	12
accented.png	9	12	209	9	12
accented.png	9	12	210	18	12
accented.png	9	12	211	27	12
accented.png	9	12	212	36	12
accented.png	9	12	213	45	12
accented.png	9	12	214	54	12
accented.png	9	12	217	63	12
accented.png	9	12	218	72	12
accented.png	9	12	219	81	12
accented.png	9	12	220	90	12
accented.png	9	12	221	99	12
accented.png	9	12	224	108	12
accented.png	9	12	225	117	12
accented.png	9	12	226	126	12
accented.png	9	12	227	135	12
accented.png	9	12	228	0	24
accented.png	9	12	229	9	24
accented.png	9	12	230	18	24
accented.png	9	12	231	27	24
accented.png	9	12	236	36	24
accented.png	9	12	237	45	24
accented.png	9	12	238	54	24
accented.png	9	12	239	63	24
accented.png	9	12	241	72	24
accented.png	9	12	242	81	24
accented.png	9	12	243	90	24
accented.png	9	12	244	99	24
accented.png	9	12	245	108	24
accented.png	9	12	246	117	24
accented.png	9	12	249	126	24
accented.png	9	12	250	135	24
accented.png	9	12	251	0	36
accented.png	9	12	252	9	36
accented.png	9	12	253	18	36
accented.png	9	12	255	27	36
accented.png	9	12	256	36	36
accented.png	9	12	257	45	36
accented.png	9	12	258	54	36
accented.png	9	12	259	63	36
accented.png	9	12	260	72	36
accented.png	9	12	261	81	36
accented.png	9	12	262	90	36
accented.png	9	12	263	99	36
accented.png	9	12	264	108	36
accented.png	9	12	265	117	36
accented.png	9	12	266	126	36
accented.png	9	12	267	135	36
accented.png	9	12	268	0	48
accented.png	9	12	269	9	48
accented.png	9	12	270	18	48
accented.png	9	12	271	27	48
accented.png	9	12	272	36	48
accented.png	9	12	273	45	48
accented.png	9	12	274	54	48
accented.png	9	12	275	63	48
accented.png	9	12	276	72	48
accented.png	9	12	277	81	48
accented.png	9	12	278	90	48
accented.png	9	12	279	99	48
accented.png	9	12	280	108	48
accented.png	9	12	281	117	48
accented.png	9	12	282	126	48
accented.png	9	12	283	135	48
accented.png	9	12	284	0	60
accented.png	9	12	285	9	60
accented.png	9	12	7712	18	60
accented.png	9	12	7713	27	60
accented.png	9	12	286	36	60
accented.png	9	12	287	45	60
accented.png	9	12	288	54	60
accented.png	9	12	289	63	60
accented.png	9	12	290	72	60
accented.png	9	12	291	81	60
accented.png	9	12	292	90	60
accented.png	9	12	293	99	60
accented.png	9	12	294	108	60
accented.png	9	12	295	117	60
accented.png	9	12	296	126	60
accented.png	9	12	297	135	60
accented.png	9	12	298	0	72
accented.png	9	12	299	9	72
accented.png	9	12	300	18	72
accented.png	9	12	301	27	72
accented.png	9	12	302	36	72
accented.png	9	12	303	45	72
accented.png	9	12	304	54	72
accented.png	9	12	305	63	72
accented.png	9	12	308	72	72
accented.png	9	12	309	81	72
accented.png	9	12	310	90	72
accented.png	9	12	311	99	72
accented.png	9	12	313	108	72
accented.png	9	12	314	117	72
accented.png	9	12	315	126	72
accented.png	9	12	316	135	72
accented.png	9	12	317	0	84
accented.png	9	12	318	9	84
accented.png	9	12	319	18	84
accented.png	9	12	320	27	84
accented.png	9	12	321	36	84
accented.png	9	12	322	45	84
accented.png	9	12	323	54	84
accented.png	9	12	324	63	84
accented.png	9	12	325	72	84
accented.png	9	12	326	81	84
accented.png	9	12	327	90	84
accented.png	9	12	328	99	84
accented.png	9	12	330	108	84
accented.png	9	12	331	117	84
accented.png	9	12	332	126	84
accented.png	9	12	333	135	84
accented.png	9	12	334	0	96
accented.png	9	12	335	9	96
accented.png	9	12	336	18	96
accented.png	9	12	337	27	96
accented.png	9	12	338	36	96
accented.png	9	12	339	45	96
accented.png	9	12	340	54	96
accented.png	9	12	341	63	96
accented.png	9	12	342	72	96
accented.png	9	12	343	81	96
accented.png	9	12	344	90	96
accented.png	9	12	345	99	96
accented.png	9	12	346	108	96
accented.png	9	12	347	117	96
accented.png	9	12	348	126	96
accented.png	9	12	349	135	96
accented.png	9	12	350	0	108
accented.png	9	12	351	9	108
accented.png	9	12	352	18	108
accented.png	9	12	353	27	108
accented.png	9	12	354	36	108
accented.png	9	12	355	45	108
accented.png	9	12	356	54	108
accented.png	9	12	357	63	108
accented.png	9	12	358	72	108
accented.png	9	12	359	81	108
accented.png	9	12	360	90	108
accented.png	9	12	361	99	108
accented.png	9	12	362	108	108
accented.png	9	12	363	117	108
accented.png	9	12	364	126	108
accented.png	9	12	365	135	108
accented.png	9	12	366	0	120
accented.png	9	12	367	9	120
accented.png	9	12	368	18	120
accented.png	9	12	369	27	120
accented.png	9	12	370	36	120
accented.png	9	12	371	45	120
accented.png	9	12	372	54	120
accented.png	9	12	373	63	120
accented.png	9	12	374	72	120
accented.png	9	12	375	81	120
accented.png	9	12	376	90	120
accented.png	9	12	377	99	120
accented.png	9	12	378	108	120
accented.png	9	12	379	117	120
accented.png	9	12	380	126	120
accented.png	9	12	381	135	120
accented.png	9	12	382	0	132
accented.png	9	12	508	9	132
accented.png	9	12	509	18	132
accented.png	9	12	510	27	132
accented.png	9	12	511	36	132
accented.png	9	12	536	45	132
accented.png	9	12	537	54	132
accented.png	9	12	538	63	132
accented.png	9	12	539	72	132
accented.png	9	12	902	81	132
accented.png	9	12	904	90	132
accented.png	9	12	905	99	132
accented.png	9	12	906	108	132
accented.png	9	12	908	117	132
accented.png	9	12	910	126	132
accented.png	9	12	911	135	132
accented.png	9	12	912	0	144
accented.png	9	12	938	9	144
accented.png	9	12	939	18	144
accented.png	9	12	940	27	144
accented.png	9	12	941	36	144
accented.png	9	12	942	45	144
accented.png	9	12	943	54	144
accented.png	9	12	944	63	144
accented.png	9	12	970	72	144
accented.png	9	12	971	81	144
accented.png	9	12	972	90	144
accented.png	9	12	973	99	144
accented.png	9	12	974	108	144
accented.png	9	12	1024	117	144
accented.png	9	12	1025	126	144
accented.png	9	12	1027	135	144
accented.png	9	12	1031	0	156
accented.png	9	12	1036	9	156
accented.png	9	12	1037	18	156
accented.png	9	12	1038	27	156
accented.png	9	12	1049	36	156
accented.png	9	12	1081	45	156
accented.png	9	12	1104	54	156
accented.png	9	12	1105	63	156
accented.png	9	12	1106	72	156
accented.png	9	12	1107	81	156
accented.png	9	12	1111	90	156
accented.png	9	12	1115	99	156
accented.png	9	12	1116	108	156
accented.png	9	12	1117	117	156
accented.png	9	12	1118	126	156
accented.png	9	12	1119	135	156
accented.png	9	12	1168	0	168
accented.png	9	12	1169	9	168
accented.png	9	12	7682	18	168
accented.png	9	12	7683	27	168
accented.png	9	12	7690	36	168
accented.png	9	12	7691	45	168
accented.png	9	12	7710	54	168
accented.png	9	12	7711	63	168
accented.png	9	12	7714	72	168
accented.png	9	12	7715	81	168
accented.png	9	12	7728	90	168
accented.png	9	12	7729	99	168
accented.png	9	12	7744	108	168
accented.png	9	12	7745	117	168
accented.png	9	12	7766	126	168
accented.png	9	12	7767	135	168
accented.png	9	12	7776	0	180
accented.png	9	12	7777	9	180
accented.png	9	12	7786	18	180
accented.png	9	12	7787	27	180
accented.png	9	12	7808	36	180
accented.png	9	12	7809	45	180
accented.png	9	12	7810	54	180
accented.png	9	12	7811	63	180
accented.png	9	12	7812	72	180
accented.png	9	12	7813	81	180
accented.png	9	12	7922	90	180
accented.png	9	12	7923	99	180
accented.png	9	12	232	108	180
accented.png	9	12	233	117	180
accented.png	9	12	234	126	180
accented.png	9	12	235	135	180
accented.png	9	12	329	0	192
accented.png	9	12	487	9	192
accented.png	9	12	491	18	192
accented.png	9	12	1039	27	192
accented.png	9	12	7693	36	192
accented.png	9	12	7717	45	192
accented.png	9	12	7771	54	192
accented.png	9	12	7789	63	192
accented.png	9	12	7826	72	192
accented.png	9	12	7882	81	192
accented.png	9	12	7883	90	192
accented.png	9	12	7884	99	192
accented.png	9	12	7885	108	192
accented.png	9	12	7908	117	192
accented.png	9	12	7909	126	192
accented.png	9	12	8470	135	192
accented.png	9	12	519	0	204
accented.png	9	12	404	9	204
accented.png	9	12	611	18	204
accented.png	9	12	643	27	204
accented.png	9	12	8263	36	204
accented.png	9	12	497	45	204
accented.png	9	12	498	54	204
accented.png	9	12	499	63	204
accented.png	9	12	452	72	204
accented.png	9	12	453	81	204
accented.png	9	12	454	90	204
accented.png	9	12	455	99	204
accented.png	9	12	456	108	204
accented.png	9	12	458	117	204
accented.png	9	12	459	126	204
accented.png	9	12	460	135	204
accented.png	9	12	8505	0	216
accented.png	9	12	7531	9	216
accented.png	9	12	42802	18	216
accented.png	9	12	42803	27	216
accented.png	9	12	42804	36	216
accented.png	9	12	42805	45	216
accented.png	9	12	42806	54	216
accented.png	9	12	42807	63	216
accented.png	9	12	42808	72	216
accented.png	9	12	42810	81	216
accented.png	9	12	42812	90	216
accented.png	9	12	42813	99	216
accented.png	9	12	42830	108	216
accented.png	9	12	42831	117	216
accented.png	9	12	42848	126	216
accented.png	9	12	42849	135	216
accented.png	9	12	64260	0	228
accented.png	9	12	64262	9	228
accented.png	9	12	5793	18	228
accented.png	9	12	5813	27	228
accented.png	9	12	416	36	228
accented.png	9	12	417	45	228
accented.png	9	12	431	54	228
accented.png	9	12	432	63	228
accented.png	9	12	7854	72	228
accented.png	9	12	7855	81	228
accented.png	9	12	7844	90	228
accented.png	9	12	7845	99	228
accented.png	9	12	7870	108	228
accented.png	9	12	7871	117	228
accented.png	9	12	7889	126	228
accented.png	9	12	7898	135	228
accented.png	9	12	7899	0	240
accented.png	9	12	7912	9	240
accented.png	9	12	7913	18	240
accented.png	9	12	7856	27	240
accented.png	9	12	7857	36	240
accented.png	9	12	7846	45	240
accented.png	9	12	7847	54	240
accented.png	9	12	7872	63	240
accented.png	9	12	7873	72	240
accented.png	9	12	7891	81	240
accented.png	9	12	7900	90	240
accented.png	9	12	7901	99	240
accented.png	9	12	7914	108	240
accented.png	9	12	7915	117	240
accented.png	9	12	7842	126	240
accented.png	9	12	7843	135	240
accented.png	9	12	7858	0	252
accented.png	9	12	7859	9	252
accented.png	9	12	7848	18	252
accented.png	9	12	7849	27	252
accented.png	9	12	7866	36	252
accented.png	9	12	7867	45	252
accented.png	9	12	7893	54	252
accented.png	9	12	7902	63	252
accented.png	9	12	7874	72	252
accented.png	9	12	7875	81	252
accented.png	9	12	7880	90	252
accented.png	9	12	7881	99	252
accented.png	9	12	7886	108	252
accented.png	9	12	7887	117	252
accented.png	9	12	7892	126	252
accented.png	9	12	7903	135	252
accented.png	9	12	7910	0	264
accented.png	9	12	7911	9	264
accented.png	9	12	7916	18	264
accented.png	9	12	7917	27	264
accented.png	9	12	7926	36	264
accented.png	9	12	7927	45	264
accented.png	9	12	7840	54	264
accented.png	9	12	7841	63	264
accented.png	9	12	7862	72	264
accented.png	9	12	7863	81	264
accented.png	9	12	7852	90	264
accented.png	9	12	7853	99	264
accented.png	9	12	7864	108	264
accented.png	9	12	7865	117	264
accented.png	9	12	7878	126	264
accented.png	9	12	7879	135	264
accented.png	9	12	7896	0	276
accented.png	9	12	7897	9	276
accented.png	9	12	7906	18	276
accented.png	9	12	7907	27	276
accented.png	9	12	7920	36	276
accented.png	9	12	7921	45	276
accented.png	9	12	7924	54	276
accented.png	9	12	7925	63	276
accented.png	9	12	7888	72	276
accented.png	9	12	405	81	276
accented.png	9	12	7850	90	276
accented.png	9	12	7851	99	276
accented.png	9	12	7894	108	276
accented.png	9	12	7895	117	276
accented.png	9	12	7919	126	276
accented.png	9	12	9758	135	276
accented.png	9	12	9756	0	288
accented.png	9	12	9774	9	288
accented.png	9	12	7860	18	288
accented.png	9	12	7861	27	288
accented.png	9	12	7868	36	288
accented.png	9	12	7869	45	288
accented.png	9	12	7876	54	288
accented.png	9	12	7877	63	288
accented.png	9	12	7890	72	288
accented.png	9	12	7904	81	288
accented.png	9	12	7905	90	288
accented.png	9	12	7918	99	288
accented.png	9	12	7928	108	288
accented.png	9	12	7929	117	288
accented.png	9	12	1176	126	288
accented.png	9	12	1177	135	288
accented.png	9	12	1184	0	300
accented.png	9	12	1185	9	300
accented.png	9	12	1194	18	300
accented.png	9	12	1195	27	300
accented.png	9	12	502	36	300
accented.png	9	12	9888	45	300
accented.png	9	12	9450	54	300
accented.png	9	12	9312	63	300
accented.png	9	12	9313	72	300
accented.png	9	12	9314	81	300
accented.png	9	12	9315	90	300
accented.png	9	12	9316	99	300
accented.png	9	12	9317	108	300
accented.png	9	12	9318	117	300
accented.png	9	12	9319	126	300
accented.png	9	12	9320	135	300
accented.png	9	12	9321	0	312
accented.png	9	12	9322	9	312
accented.png	9	12	9323	18	312
accented.png	9	12	9324	27	312
accented.png	9	12	9325	36	312
accented.png	9	12	9326	45	312
accented.png	9	12	9327	54	312
accented.png	9	12	9328	63	312
accented.png	9	12	9329	72	312
accented.png	9	12	9330	81	312
accented.png	9	12	9331	90	312
accented.png	9	12	9398	99	312
accented.png	9	12	9399	108	312
accented.png	9	12	9400	117	312
accented.png	9	12	9401	126	312
accented.png	9	12	9402	135	312
accented.png	9	12	9403	0	324
accented.png	9	12	9404	9	324
accented.png	9	12	9405	18	324
accented.png	9	12	9406	27	324
accented.png	9	12	9407	36	324
accented.png	9	12	9408	45	324
accented.png	9	12	9409	54	324
accented.png	9	12	9410	63	324
accented.png	9	12	9411	72	324
accented.png	9	12	9412	81	324
accented.png	9	12	9413	90	324
accented.png	9	12	9414	99	324
accented.png	9	12	9415	108	324
accented.png	9	12	9416	117	324
accented.png	9	12	9417	126	324
accented.png	9	12	9418	135	324
accented.png	9	12	9419	0	336
accented.png	9	12	9420	9	336
accented.png	9	12	9421	18	336
accented.png	9	12	9422	27	336
accented.png	9	12	9423	36	336
accented.png	9	12	9424	45	336
accented.png	9	12	9425	54	336
accented.png	9	12	9426	63	336
accented.png	9	12	9427	72	336
accented.png	9	12	9428	81	336
accented.png	9	12	9429	90	336
accented.png	9	12	9430	99	336
accented.png	9	12	9431	108	336
accented.png	9	12	9432	117	336
accented.png	9	12	9433	126	336
accented.png	9	12	9434	135	336
accented.png	9	12	9435	0	348
accented.png	9	12	9436	9	348
accented.png	9	12	9437	18	348
accented.png	9	12	9438	27	348
accented.png	9	12	9439	36	348
accented.png	9	12	9440	45	348
accented.png	9	12	9441	54	348
accented.png	9	12	9442	63	348
accented.png	9	12	9443	72	348
accented.png	9	12	9444	81	348
accented.png	9	12	9445	90	348
accented.png	9	12	9446	99	348
accented.png	9	12	9447	108	348
accented.png	9	12	9448	117	348
accented.png	9	12	9449	126	348
accented.png	9	12	807	135	348
accented.png	9	12	642	0	360
accented.png	9	12	656	9	360
accented.png	9	12	630	18	360
accented.png	9	12	461	27	360
accented.png	9	12	462	36	360
accented.png	9	12	478	45	360
accented.png	9	12	479	54	360
accented.png	9	12	506	63	360
accented.png	9	12	507	72	360
accented.png	9	12	514	81	360
accented.png	9	12	515	90	360
accented.png	9	12	550	99	360
accented.png	9	12	551	108	360
accented.png	9	12	480	117	360
accented.png	9	12	481	126	360
accented.png	9	12	7680	135	360
accented.png	9	12	7681	0	372
accented.png	9	12	512	9	372
accented.png	9	12	513	18	372
accented.png	9	12	7686	27	372
accented.png	9	12	7687	36	372
accented.png	9	12	7684	45	372
accented.png	9	12	7685	54	372
accented.png	9	12	7532	63	372
accented.png	9	12	7688	72	372
accented.png	9	12	7689	81	372
accented.png	9	12	7696	90	372
accented.png	9	12	7697	99	372
accented.png	9	12	7698	108	372
accented.png	9	12	7699	117	372
accented.png	9	12	7694	126	372
accented.png	9	12	7695	135	372
accented.png	9	12	7692	0	384
accented.png	9	12	7533	9	384
accented.png	9	12	7700	18	384
accented.png	9	12	7701	27	384
accented.png	9	12	7702	36	384
accented.png	9	12	7703	45	384
accented.png	9	12	7704	54	384
accented.png	9	12	7705	63	384
accented.png	9	12	7708	72	384
accented.png	9	12	7709	81	384
accented.png	9	12	552	90	384
accented.png	9	12	553	99	384
accented.png	9	12	7706	108	384
accented.png	9	12	7707	117	384
accented.png	9	12	516	126	384
accented.png	9	12	517	135	384
accented.png	9	12	518	0	396
accented.png	9	12	7534	9	396
accented.png	9	12	500	18	396
accented.png	9	12	501	27	396
accented.png	9	12	486	36	396
accented.png	9	12	7718	45	396
accented.png	9	12	7719	54	396
accented.png	9	12	7720	63	396
accented.png	9	12	7721	72	396
accented.png	9	12	7722	81	396
accented.png	9	12	7723	90	396
accented.png	9	12	542	99	396
accented.png	9	12	543	108	396
accented.png	9	12	7716	117	396
accented.png	9	12	7830	126	396
accented.png	9	12	7726	135	396
accented.png	9	12	7727	0	408
accented.png	9	12	522	9	408
accented.png	9	12	523	18	408
accented.png	9	12	463	27	408
accented.png	9	12	464	36	408
accented.png	9	12	520	45	408
accented.png	9	12	521	54	408
accented.png	9	12	7724	63	408
accented.png	9	12	7725	72	408
accented.png	9	12	496	81	408
accented.png	9	12	567	90	408
accented.png	9	12	488	99	408
accented.png	9	12	489	108	408
accented.png	9	12	7730	117	408
accented.png	9	12	7731	126	408
accented.png	9	12	7732	135	408
accented.png	9	12	7733	0	420
accented.png	9	12	7738	9	420
accented.png	9	12	7739	18	420
accented.png	9	12	7740	27	420
accented.png	9	12	7741	36	420
accented.png	9	12	7734	45	420
accented.png	9	12	7735	54	420
accented.png	9	12	7736	63	420
accented.png	9	12	7737	72	420
accented.png	9	12	11362	81	420
accented.png	9	12	7742	90	420
accented.png	9	12	7743	99	420
accented.png	9	12	7746	108	420
accented.png	9	12	7747	117	420
accented.png	9	12	7535	126	420
accented.png	9	12	7748	135	420
accented.png	9	12	7749	0	432
accented.png	9	12	7750	9	432
accented.png	9	12	7751	18	432
accented.png	9	12	7754	27	432
accented.png	9	12	7755	36	432
accented.png	9	12	504	45	432
accented.png	9	12	505	54	432
accented.png	9	12	7752	63	432
accented.png	9	12	7753	72	432
accented.png	9	12	7536	81	432
accented.png	9	12	492	90	432
accented.png	9	12	493	99	432
accented.png	9	12	556	108	432
accented.png	9	12	557	117	432
accented.png	9	12	7756	126	432
accented.png	9	12	7757	135	432
accented.png	9	12	7758	0	444
accented.png	9	12	7759	9	444
accented.png	9	12	7760	18	444
accented.png	9	12	7761	27	444
accented.png	9	12	7762	36	444
accented.png	9	12	7763	45	444
accented.png	9	12	526	54	444
accented.png	9	12	527	63	444
accented.png	9	12	554	72	444
accented.png	9	12	555	81	444
accented.png	9	12	465	90	444
accented.png	9	12	466	99	444
accented.png	9	12	558	108	444
accented.png	9	12	559	117	444
accented.png	9	12	560	126	444
accented.png	9	12	561	135	444
accented.png	9	12	524	0	456
accented.png	9	12	525	9	456
accented.png	9	12	490	18	456
accented.png	9	12	7764	27	456
accented.png	9	12	7765	36	456
accented.png	9	12	7537	45	456
accented.png	9	12	530	54	456
accented.png	9	12	531	63	456
accented.png	9	12	7768	72	456
accented.png	9	12	7769	81	456
accented.png	9	12	7772	90	456
accented.png	9	12	7773	99	456
accented.png	9	12	7774	108	456
accented.png	9	12	7775	117	456
accented.png	9	12	528	126	456
accented.png	9	12	529	135	456
accented.png	9	12	7770	0	468
accented.png	9	12	7539	9	468
accented.png	9	12	7538	18	468
accented.png	9	12	7780	27	468
accented.png	9	12	7781	36	468
accented.png	9	12	7782	45	468
accented.png	9	12	7783	54	468
accented.png	9	12	7778	63	468
accented.png	9	12	7779	72	468
accented.png	9	12	7784	81	468
accented.png	9	12	7785	90	468
accented.png	9	12	7540	99	468
accented.png	9	12	7792	108	468
accented.png	9	12	7793	117	468
accented.png	9	12	7790	126	468
accented.png	9	12	7791	135	468
accented.png	9	12	7788	0	480
accented.png	9	12	7831	9	480
accented.png	9	12	7541	18	480
accented.png	9	12	7794	27	480
accented.png	9	12	7795	36	480
accented.png	9	12	7798	45	480
accented.png	9	12	7799	54	480
accented.png	9	12	7800	63	480
accented.png	9	12	7801	72	480
accented.png	9	12	7802	81	480
accented.png	9	12	7803	90	480
accented.png	9	12	467	99	480
accented.png	9	12	468	108	480
accented.png	9	12	469	117	480
accented.png	9	12	470	126	480
accented.png	9	12	471	135	480
accented.png	9	12	472	0	492
accented.png	9	12	473	9	492
accented.png	9	12	474	18	492
accented.png	9	12	475	27	492
accented.png	9	12	476	36	492
accented.png	9	12	7796	45	492
accented.png	9	12	7797	54	492
accented.png	9	12	532	63	492
accented.png	9	12	533	72	492
accented.png	9	12	534	81	492
accented.png	9	12	7806	90	492
accented.png	9	12	7807	99	492
accented.png	9	12	7804	108	492
accented.png	9	12	7805	117	492
accented.png	9	12	7814	126	492
accented.png	9	12	7815	135	492
accented.png	9	12	7816	0	504
accented.png	9	12	7817	9	504
accented.png	9	12	7832	18	504
accented.png	9	12	7820	27	504
accented.png	9	12	7821	36	504
accented.png	9	12	7818	45	504
accented.png	9	12	7819	54	504
accented.png	9	12	562	63	504
accented.png	9	12	563	72	504
accented.png	9	12	7822	81	504
accented.png	9	12	7823	90	504
accented.png	9	12	7833	99	504
accented.png	9	12	7828	108	504
accented.png	9	12	7829	117	504
accented.png	9	12	7824	126	504
accented.png	9	12	7825	135	504
accented.png	9	12	7827	0	516
accented.png	9	12	7542	9	516
accented.png	9	12	494	18	516
accented.png	9	12	495	27	516
accented.png	9	12	7835	36	516
accented.png	9	12	42814	45	516
accented.png	9	12	42815	54	516
accented.png	9	12	482	63	516
accented.png	9	12	483	72	516
accented.png	9	12	7546	81	516
accented.png	9	12	7931	90	516
accented.png	9	12	7426	99	516
accented.png	9	12	7444	108	516
accented.png	9	12	43875	117	516
accented.png	9	12	568	126	516
accented.png	9	12	675	135	516
accented.png	9	12	677	0	528
accented.png	9	12	676	9	528
accented.png	9	12	681	18	528
accented.png	9	12	682	27	528
accented.png	9	12	683	36	528
accented.png	9	12	569	45	528
accented.png	9	12	680	54	528
accented.png	9	12	678	63	528
accented.png	9	12	679	72	528
accented.png	9	12	43856	81	528
accented.png	9	12	43857	90	528
accented.png	9	12	8359	99	528
accented.png	9	12	7930	108	528
accented.png	9	12	64302	117	528
accented.png	9	12	64303	126	528
accented.png	9	12	384	135	528
accented.png	9	12	386	0	540
accented.png	9	12	387	9	540
accented.png	9	12	391	18	540
accented.png	9	12	392	27	540
accented.png	9	12	394	36	540
accented.png	9	12	395	45	540
accented.png	9	12	396	54	540
accented.png	9	12	403	63	540
accented.png	9	12	484	72	540
accented.png	9	12	485	81	540
accented.png	9	12	407	90	540
accented.png	9	12	406	99	540
accented.png	9	12	617	108	540
accented.png	9	12	408	117	540
accented.png	9	12	409	126	540
accented.png	9	12	413	135	540
accented.png	9	12	420	0	552
accented.png	9	12	421	9	552
accented.png	9	12	637	18	552
accented.png	9	12	422	27	552
accented.png	9	12	428	36	552
accented.png	9	12	429	45	552
accented.png	9	12	427	54	552
accented.png	9	12	430	63	552
accented.png	9	12	535	72	552
accented.png	9	12	433	81	552
accented.png	9	12	412	90	552
accented.png	9	12	435	99	552
accented.png	9	12	436	108	552
accented.png	9	12	437	117	552
accented.png	9	12	438	126	552
accented.png	9	12	418	135	552
accented.png	9	12	419	0	564
accented.png	9	12	546	9	564
accented.png	9	12	547	18	564
accented.png	9	12	685	27	564
accented.png	9	12	686	36	564
accented.png	9	12	687	45	564
accented.png	9	12	64276	54	564
accented.png	9	12	64277	63	564
accented.png	9	12	64279	72	564
accented.png	9	12	64278	81	564
accented.png	9	12	64275	90	564
accented.png	9	12	1232	99	564
accented.png	9	12	1233	108	564
accented.png	9	12	1234	117	564
accented.png	9	12	1235	126	564
accented.png	9	12	1270	135	564
accented.png	9	12	1271	0	576
accented.png	9	12	1172	9	576
accented.png	9	12	1173	18	576
accented.png	9	12	1238	27	576
accented.png	9	12	1239	36	576
accented.png	9	12	1212	45	576
accented.png	9	12	1213	54	576
accented.png	9	12	1214	63	576
accented.png	9	12	1215	72	576
accented.png	9	12	1242	81	576
accented.png	9	12	1243	90	576
accented.png	9	12	1244	99	576
accented.png	9	12	1245	108	576
accented.png	9	12	1217	117	576
accented.png	9	12	1218	126	576
accented.png	9	12	1246	135	576
accented.png	9	12	1247	0	588
accented.png	9	12	1250	9	588
accented.png	9	12	1251	18	588
accented.png	9	12	1252	27	588
accented.png	9	12	1253	36	588
accented.png	9	12	1254	45	588
accented.png	9	12	1255	54	588
accented.png	9	12	1258	63	588
accented.png	9	12	1259	72	588
accented.png	9	12	1264	81	588
accented.png	9	12	1265	90	588
accented.png	9	12	1262	99	588
accented.png	9	12	1263	108	588
accented.png	9	12	1266	117	588
accented.png	9	12	1267	126	588
accented.png	9	12	1268	135	588
accented.png	9	12	1269	0	600
accented.png	9	12	1272	9	600
accented.png	9	12	1273	18	600
accented.png	9	12	1260	27	600
accented.png	9	12	1261	36	600
accented.png	9	12	1142	45	600
accented.png	9	12	1143	54	600
accented.png	9	12	1236	63	600
accented.png	9	12	1274	72	600
accented.png	9	12	1282	81	600
accented.png	9	12	42626	90	600
accented.png	9	12	42624	99	600
accented.png	9	12	42632	108	600
accented.png	9	12	1322	117	600
accented.png	9	12	1324	126	600
accented.png	9	12	42628	135	600
accented.png	9	12	1284	0	612
accented.png	9	12	1296	9	612
accented.png	9	12	1248	18	612
accented.png	9	12	1286	27	612
accented.png	9	12	1162	36	612
accented.png	9	12	1219	45	612
accented.png	9	12	1182	54	612
accented.png	9	12	1180	63	612
accented.png	9	12	1310	72	612
accented.png	9	12	1306	81	612
accented.png	9	12	1221	90	612
accented.png	9	12	1326	99	612
accented.png	9	12	1298	108	612
accented.png	9	12	1312	117	612
accented.png	9	12	1288	126	612
accented.png	9	12	1300	135	612
accented.png	9	12	1229	0	624
accented.png	9	12	1225	9	624
accented.png	9	12	1320	18	624
accented.png	9	12	1223	27	624
accented.png	9	12	1188	36	624
accented.png	9	12	1314	45	624
accented.png	9	12	1290	54	624
accented.png	9	12	1192	63	624
accented.png	9	12	1316	72	624
accented.png	9	12	1190	81	624
accented.png	9	12	1166	90	624
accented.png	9	12	1302	99	624
accented.png	9	12	1292	108	624
accented.png	9	12	42640	117	624
accented.png	9	12	1196	126	624
accented.png	9	12	42634	135	624
accented.png	9	12	42636	0	636
accented.png	9	12	1294	9	636
accented.png	9	12	1202	18	636
accented.png	9	12	1276	27	636
accented.png	9	12	1278	36	636
accented.png	9	12	1318	45	636
accented.png	9	12	42644	54	636
accented.png	9	12	1204	63	636
accented.png	9	12	42638	72	636
accented.png	9	12	1206	81	636
accented.png	9	12	1227	90	636
accented.png	9	12	1208	99	636
accented.png	9	12	42642	108	636
accented.png	9	12	42646	117	636
accented.png	9	12	42630	126	636
accented.png	9	12	1164	135	636
accented.png	9	12	1304	0	648
accented.png	9	12	1308	9	648
accented.png	9	12	1237	18	648
accented.png	9	12	1275	27	648
accented.png	9	12	1283	36	648
accented.png	9	12	42627	45	648
accented.png	9	12	42625	54	648
accented.png	9	12	42633	63	648
accented.png	9	12	1323	72	648
accented.png	9	12	1325	81	648
accented.png	9	12	42629	90	648
accented.png	9	12	1285	99	648
accented.png	9	12	1297	108	648
accented.png	9	12	1249	117	648
accented.png	9	12	1287	126	648
accented.png	9	12	1163	135	648
accented.png	9	12	1220	0	660
accented.png	9	12	1183	9	660
accented.png	9	12	1181	18	660
accented.png	9	12	1311	27	660
accented.png	9	12	1307	36	660
accented.png	9	12	1222	45	660
accented.png	9	12	1327	54	660
accented.png	9	12	1299	63	660
accented.png	9	12	1313	72	660
accented.png	9	12	1289	81	660
accented.png	9	12	1301	90	660
accented.png	9	12	1230	99	660
accented.png	9	12	1226	108	660
accented.png	9	12	1321	117	660
accented.png	9	12	1224	126	660
accented.png	9	12	1189	135	660
accented.png	9	12	1315	0	672
accented.png	9	12	1291	9	672
accented.png	9	12	1193	18	672
accented.png	9	12	1317	27	672
accented.png	9	12	1191	36	672
accented.png	9	12	1167	45	672
accented.png	9	12	1303	54	672
accented.png	9	12	1293	63	672
accented.png	9	12	42641	72	672
accented.png	9	12	1197	81	672
accented.png	9	12	42635	90	672
accented.png	9	12	42637	99	672
accented.png	9	12	1295	108	672
accented.png	9	12	1203	117	672
accented.png	9	12	1277	126	672
accented.png	9	12	1279	135	672
accented.png	9	12	1319	0	684
accented.png	9	12	42645	9	684
accented.png	9	12	1205	18	684
accented.png	9	12	42639	27	684
accented.png	9	12	1207	36	684
accented.png	9	12	1228	45	684
accented.png	9	12	1209	54	684
accented.png	9	12	42643	63	684
accented.png	9	12	42647	72	684
accented.png	9	12	42631	81	684
accented.png	9	12	1165	90	684
accented.png	9	12	1305	99	684
accented.png	9	12	1309	108	684
accented.png	9	12	7944	117	684
accented.png	9	12	7936	126	684
accented.png	9	12	7945	135	684
accented.png	9	12	7937	0	696
accented.png	9	12	7946	9	696
accented.png	9	12	7938	18	696
accented.png	9	12	7947	27	696
accented.png	9	12	7939	36	696
accented.png	9	12	7948	45	696
accented.png	9	12	7940	54	696
accented.png	9	12	7949	63	696
accented.png	9	12	7941	72	696
accented.png	9	12	7950	81	696
accented.png	9	12	7942	90	696
accented.png	9	12	7951	99	696
accented.png	9	12	7943	108	696
accented.png	9	12	8122	117	696
accented.png	9	12	8048	126	696
accented.png	9	12	8120	135	696
accented.png	9	12	8112	0	708
accented.png	9	12	8121	9	708
accented.png	9	12	8113	18	708
accented.png	9	12	8123	27	708
accented.png	9	12	8049	36	708
accented.png	9	12	8072	45	708
accented.png	9	12	8064	54	708
accented.png	9	12	8073	63	708
accented.png	9	12	8065	72	708
accented.png	9	12	8074	81	708
accented.png	9	12	8066	90	708
accented.png	9	12	8075	99	708
accented.png	9	12	8067	108	708
accented.png	9	12	8076	117	708
accented.png	9	12	8068	126	708
accented.png	9	12	8077	135	708
accented.png	9	12	8069	0	720
accented.png	9	12	8078	9	720
accented.png	9	12	8070	18	720
accented.png	9	12	8079	27	720
accented.png	9	12	8071	36	720
accented.png	9	12	8124	45	720
accented.png	9	12	8116	54	720
accented.png	9	12	8118	63	720
accented.png	9	12	8119	72	720
accented.png	9	12	8114	81	720
accented.png	9	12	8115	90	720
accented.png	9	12	7960	99	720
accented.png	9	12	7952	108	720
accented.png	9	12	7961	117	720
accented.png	9	12	7953	126	720
accented.png	9	12	7962	135	720
accented.png	9	12	7954	0	732
accented.png	9	12	7963	9	732
accented.png	9	12	7955	18	732
accented.png	9	12	7964	27	732
accented.png	9	12	7956	36	732
accented.png	9	12	7965	45	732
accented.png	9	12	7957	54	732
accented.png	9	12	8136	63	732
accented.png	9	12	8137	72	732
accented.png	9	12	8050	81	732
accented.png	9	12	8051	90	732
accented.png	9	12	7976	99	732
accented.png	9	12	7968	108	732
accented.png	9	12	8138	117	732
accented.png	9	12	8052	126	732
accented.png	9	12	7977	135	732
accented.png	9	12	7969	0	744
accented.png	9	12	7978	9	744
accented.png	9	12	7970	18	744
accented.png	9	12	7979	27	744
accented.png	9	12	7971	36	744
accented.png	9	12	7980	45	744
accented.png	9	12	7972	54	744
accented.png	9	12	7981	63	744
accented.png	9	12	7973	72	744
accented.png	9	12	7982	81	744
accented.png	9	12	7974	90	744
accented.png	9	12	7983	99	744
accented.png	9	12	7975	108	744
accented.png	9	12	8088	117	744
accented.png	9	12	8080	126	744
accented.png	9	12	8089	135	744
accented.png	9	12	8081	0	756
accented.png	9	12	8090	9	756
accented.png	9	12	8082	18	756
accented.png	9	12	8091	27	756
accented.png	9	12	8083	36	756
accented.png	9	12	8092	45	756
accented.png	9	12	8084	54	756
accented.png	9	12	8093	63	756
accented.png	9	12	8085	72	756
accented.png	9	12	8094	81	756
accented.png	9	12	8086	90	756
accented.png	9	12	8095	99	756
accented.png	9	12	8087	108	756
accented.png	9	12	8139	117	756
accented.png	9	12	8053	126	756
accented.png	9	12	8140	135	756
accented.png	9	12	8131	0	768
accented.png	9	12	8130	9	768
accented.png	9	12	8132	18	768
accented.png	9	12	8134	27	768
accented.png	9	12	8135	36	768
accented.png	9	12	8154	45	768
accented.png	9	12	8054	54	768
accented.png	9	12	8155	63	768
accented.png	9	12	8055	72	768
accented.png	9	12	7992	81	768
accented.png	9	12	7984	90	768
accented.png	9	12	7993	99	768
accented.png	9	12	7985	108	768
accented.png	9	12	7994	117	768
accented.png	9	12	7986	126	768
accented.png	9	12	7995	135	768
accented.png	9	12	7987	0	780
accented.png	9	12	7996	9	780
accented.png	9	12	7988	18	780
accented.png	9	12	7997	27	780
accented.png	9	12	7989	36	780
accented.png	9	12	7998	45	780
accented.png	9	12	7990	54	780
accented.png	9	12	7999	63	780
accented.png	9	12	7991	72	780
accented.png	9	12	8152	81	780
accented.png	9	12	8144	90	780
accented.png	9	12	8153	99	780
accented.png	9	12	8145	108	780
accented.png	9	12	8146	117	780
accented.png	9	12	8147	126	780
accented.png	9	12	8150	135	780
accented.png	9	12	8151	0	792
accented.png	9	12	8184	9	792
accented.png	9	12	8056	18	792
accented.png	9	12	8185	27	792
accented.png	9	12	8057	36	792
accented.png	9	12	8008	45	792
accented.png	9	12	8000	54	792
accented.png	9	12	8009	63	792
accented.png	9	12	8001	72	792
accented.png	9	12	8010	81	792
accented.png	9	12	8002	90	792
accented.png	9	12	8011	99	792
accented.png	9	12	8003	108	792
accented.png	9	12	8012	117	792
accented.png	9	12	8004	126	792
accented.png	9	12	8013	135	792
accented.png	9	12	8005	0	804
accented.png	9	12	8172	9	804
accented.png	9	12	8164	18	804
accented.png	9	12	8165	27	804
accented.png	9	12	8170	36	804
accented.png	9	12	8058	45	804
accented.png	9	12	8171	54	804
accented.png	9	12	8059	63	804
accented.png	9	12	8025	72	804
accented.png	9	12	8017	81	804
accented.png	9	12	8027	90	804
accented.png	9	12	8019	99	804
accented.png	9	12	8029	108	804
accented.png	9	12	8021	117	804
accented.png	9	12	8031	126	804
accented.png	9	12	8023	135	804
accented.png	9	12	8168	0	816
accented.png	9	12	8160	9	816
accented.png	9	12	8169	18	816
accented.png	9	12	8161	27	816
accented.png	9	12	979	36	816
accented.png	9	12	980	45	816
accented.png	9	12	8162	54	816
accented.png	9	12	8163	63	816
accented.png	9	12	8167	72	816
accented.png	9	12	8016	81	816
accented.png	9	12	8018	90	816
accented.png	9	12	8020	99	816
accented.png	9	12	8166	108	816
accented.png	9	12	8022	117	816
accented.png	9	12	8186	126	816
accented.png	9	12	8060	135	816
accented.png	9	12	8187	0	828
accented.png	9	12	8061	9	828
accented.png	9	12	8040	18	828
accented.png	9	12	8032	27	828
accented.png	9	12	8041	36	828
accented.png	9	12	8033	45	828
accented.png	9	12	8042	54	828
accented.png	9	12	8034	63	828
accented.png	9	12	8043	72	828
accented.png	9	12	8035	81	828
accented.png	9	12	8044	90	828
accented.png	9	12	8036	99	828
accented.png	9	12	8045	108	828
accented.png	9	12	8037	117	828
accented.png	9	12	8046	126	828
accented.png	9	12	8038	135	828
accented.png	9	12	8047	0	840
accented.png	9	12	8039	9	840
accented.png	9	12	8104	18	840
accented.png	9	12	8096	27	840
accented.png	9	12	8105	36	840
accented.png	9	12	8097	45	840
accented.png	9	12	8106	54	840
accented.png	9	12	8098	63	840
accented.png	9	12	8107	72	840
accented.png	9	12	8099	81	840
accented.png	9	12	8108	90	840
accented.png	9	12	8100	99	840
accented.png	9	12	8109	108	840
accented.png	9	12	8101	117	840
accented.png	9	12	8110	126	840
accented.png	9	12	8102	135	840
accented.png	9	12	8111	0	852
accented.png	9	12	8103	9	852
accented.png	9	12	8188	18	852
accented.png	9	12	8179	27	852
accented.png	9	12	8178	36	852
accented.png	9	12	8180	45	852
accented.png	9	12	8182	54	852
accented.png	9	12	8183	63	852
accented.png	9	12	9775	72	852
accented.png	9	12	9744	81	852
accented.png	9	12	9745	90	852
accented.png	9	12	9746	99	852
accented.png	9	12	397	108	852
accented.png	9	12	442	117	852
accented.png	9	12	11390	126	852
accented.png	9	12	575	135	852
accented.png	9	12	11391	0	864
accented.png	9	12	576	9	864
accented.png	9	12	7552	18	864
accented.png	9	12	42948	27	864
accented.png	9	12	42900	36	864
accented.png	9	12	7553	45	864
accented.png	9	12	7554	54	864
accented.png	9	12	7555	63	864
accented.png	9	12	42901	72	864
accented.png	9	12	7556	81	864
accented.png	9	12	7557	90	864
accented.png	9	12	7558	99	864
accented.png	9	12	7559	108	864
accented.png	9	12	7560	117	864
accented.png	9	12	7561	126	864
accented.png	9	12	7562	135	864
accented.png	9	12	7563	0	876
accented.png	9	12	7564	9	876
accented.png	9	12	7565	18	876
accented.png	9	12	42950	27	876
accented.png	9	12	7566	36	876
accented.png	9	12	7567	45	876
accented.png	9	12	7568	54	876
accented.png	9	12	7570	63	876
accented.png	9	12	7571	72	876
accented.png	9	12	7572	81	876
accented.png	9	12	7573	90	876
accented.png	9	12	7574	99	876
accented.png	9	12	7575	108	876
accented.png	9	12	7576	117	876
accented.png	9	12	7577	126	876
accented.png	9	12	7578	135	876
accented.png	9	12	7834	0	888
accented.png	9	12	8530	9	888
accented.png	9	12	8536	18	888
accented.png	9	12	8360	27	888
accented.png	9	12	8367	36	888
ascii.png	8	8	32	0	16
ascii.png	8	8	33	8	16
ascii.png	8	8	34	16	16
ascii.png	8	8	35	24	16
ascii.png	8	8	36	32	16
ascii.png	8	8	37	40	16
ascii.png	8	8	38	48	16
ascii.png	8	8	39	56	16
ascii.png	8	8	40	64	16
ascii.png	8	8	41	72	16
ascii.png	8	8	42	80	16
ascii.png	8	8	43	88	16
ascii.png	8	8	44	96	16
ascii.png	8	8	45	104	16
ascii.png	8	8	46	112	16
ascii.png	8	8	47	120	16
ascii.png	8	8	48	0	24
ascii.png	8	8	49	8	24
ascii.png	8	8	50	16	24
ascii.png	8	8	51	24	24
ascii.png	8	8	52	32	24
ascii.png	8	8	53	40	24
ascii.png	8	8	54	48	24
ascii.png	8	8	55	56	24
ascii.png	8	8	56	64	24
ascii.png	8	8	57	72	24
ascii.png	8	8	58	80	24
ascii.png	8	8	59	88	24
ascii.png	8	8	60	96	24
ascii.png	8	8	61	104	24
ascii.png	8	8	62	112	24
ascii.png	8	8	63	120	24
ascii.png	8	8	64	0	32
ascii.png	8	8	65	8	32
ascii.png	8	8	66	16	32
ascii.png	8	8	67	24	32
ascii.png	8	8	68	32	32
ascii.png	8	8	69	40	32
ascii.png	8	8	70	48	32
ascii.png	8	8	71	56	32
ascii.png	8	8	72	64	32
ascii.png	8	8	73	72	32
ascii.png	8	8	74	80	32
ascii.png	8	8	75	88	32
ascii.png	8	8	76	96	32
ascii.png	8	8	77	104	32
ascii.png	8	8	78	112	32
ascii.png	8	8	79	120	32
ascii.png	8	8	80	0	40
ascii.png	8	8	81	8	40
ascii.png	8	8	82	16	40
ascii.png	8	8	83	24	40
ascii.png	8	8	84	32	40
ascii.png	8	8	85	40	40
ascii.png	8	8	86	48	40
ascii.png	8	8	87	56	40
ascii.png	8	8	88	64	40
ascii.png	8	8	89	72	40
ascii.png	8	8	90	80	40
ascii.png	8	8	91	88	40
ascii.png	8	8	92	96	40
ascii.png	8	8	93	104	40
ascii.png	8	8	94	112	40
ascii.png	8	8	95	120	40
ascii.png	8	8	96	0	48
ascii.png	8	8	97	8	48
ascii.png	8	8	98	16	48
ascii.png	8	8	99	24	48
ascii.png	8	8	100	32	48
ascii.png	8	8	101	40	48
ascii.png	8	8	102	48	48
ascii.png	8	8	103	56	48
ascii.png	8	8	104	64	48
ascii.png	8	8	105	72	48
ascii.png	8	8	106	80	48
ascii.png	8	8	107	88	48
ascii.png	8	8	108	96	48
ascii.png	8	8	109	104	48
ascii.png	8	8	110	112	48
ascii.png	8	8	111	120	48
ascii.png	8	8	112	0	56
ascii.png	8	8	113	8	56
ascii.png	8	8	114	16	56
ascii.png	8	8	115	24	56
ascii.png	8	8	116	32	56
ascii.png	8	8	117	40	56
ascii.png	8	8	118	48	56
ascii.png	8	8	119	56	56
ascii.png	8	8	120	64	56
ascii.png	8	8	121	72	56
ascii.png	8	8	122	80	56
ascii.png	8	8	123	88	56
ascii.png	8	8	124	96	56
ascii.png	8	8	125	104	56
ascii.png	8	8	126	112	56
ascii.png	8	8	163	96	72
ascii.png	8	8	402	120	72
ascii.png	8	8	170	48	80
ascii.png	8	8	186	56	80
ascii.png	8	8	172	80	80
ascii.png	8	8	171	112	80
ascii.png	8	8	187	120	80
ascii.png	8	8	9617	0	88
ascii.png	8	8	9618	8	88
ascii.png	8	8	9619	16	88
ascii.png	8	8	9474	24	88
ascii.png	8	8	9508	32	88
ascii.png	8	8	9569	40	88
ascii.png	8	8	9570	48	88
ascii.png	8	8	9558	56	88
ascii.png	8	8	9557	64	88
ascii.png	8	8	9571	72	88
ascii.png	8	8	9553	80	88
ascii.png	8	8	9559	88	88
ascii.png	8	8	9565	96	88
ascii.png	8	8	9564	104	88
ascii.png	8	8	9563	112	88
ascii.png	8	8	9488	120	88
ascii.png	8	8	9492	0	96
ascii.png	8	8	9524	8	96
ascii.png	8	8	9516	16	96
ascii.png	8	8	9500	24	96
ascii.png	8	8	9472	32	96
ascii.png	8	8	9532	40	96
ascii.png	8	8	9566	48	96
ascii.png	8	8	9567	56	96
ascii.png	8	8	9562	64	96
ascii.png	8	8	9556	72	96
ascii.png	8	8	9577	80	96
ascii.png	8	8	9574	88	96
ascii.png	8	8	9568	96	96
ascii.png	8	8	9552	104	96
ascii.png	8	8	9580	112	96
ascii.png	8	8	9575	120	96
ascii.png	8	8	9576	0	104
ascii.png	8	8	9572	8	104
ascii.png	8	8	9573	16	104
ascii.png	8	8	9561	24	104
ascii.png	8	8	9560	32	104
ascii.png	8	8	9554	40	104
ascii.png	8	8	9555	48	104
ascii.png	8	8	9579	56	104
ascii.png	8	8	9578	64	104
ascii.png	8	8	9496	72	104
ascii.png	8	8	9484	80	104
ascii.png	8	8	9608	88	104
ascii.png	8	8	9604	96	104
ascii.png	8	8	9612	104	104
ascii.png	8	8	9616	112	104
ascii.png	8	8	9600	120	104
ascii.png	8	8	8709	104	112
ascii.png	8	8	8712	112	112
ascii.png	8	8	8801	0	120
ascii.png	8	8	177	8	120
ascii.png	8	8	8805	16	120
ascii.png	8	8	8804	24	120
ascii.png	8	8	8992	32	120
ascii.png	8	8	8993	40	120
ascii.png	8	8	247	48	120
ascii.png	8	8	8776	56	120
ascii.png	8	8	176	64	120
ascii.png	8	8	8729	72	120
ascii.png	8	8	8730	88	120
ascii.png	8	8	8319	96	120
ascii.png	8	8	178	104	120
ascii.png	8	8	9632	112	120
